State,County,n_incidents
Alabama,Alpine,2
Alabama,Autauga,39
Alabama,Baldwin,85
Alabama,Barbour,20
Alabama,Bibb,8
Alabama,Blount,20
Alabama,Bullock,18
Alabama,Butler,26
Alabama,Calhoun,95
Alabama,Chambers,27
Alabama,Cherokee,14
Alabama,Chilton,21
Alabama,Choctaw,7
Alabama,Clarke,2
Alabama,Clay,3
Alabama,Cleburne,7
Alabama,Coffee,34
Alabama,Colbert,39
Alabama,Columbus,1
Alabama,Conecuh,3
Alabama,Coosa,7
Alabama,Covington,20
Alabama,Crenshaw,9
Alabama,Cullman,32
Alabama,Dale,28
Alabama,Dallas,146
Alabama,DeKalb,38
Alabama,Dekalb,2
Alabama,Elmore,46
Alabama,Escambia,28
Alabama,Etowah,76
Alabama,Fayette,1
Alabama,Franklin,21
Alabama,Geneva,11
Alabama,Greene,7
Alabama,Hale,12
Alabama,Henry,3
Alabama,Houston,95
Alabama,Jackson,20
Alabama,Jefferson,1453
Alabama,Lamar,3
Alabama,Lauderdale,57
Alabama,Lawrence,11
Alabama,Lee,129
Alabama,Limestone,72
Alabama,Lowndes,9
Alabama,Macon,29
Alabama,Madison,604
Alabama,Marengo,12
Alabama,Marion,7
Alabama,Marshall,56
Alabama,Mobile,706
Alabama,Monroe,3
Alabama,Montgomery,495
Alabama,Morgan,120
Alabama,Perry,9
Alabama,Pickens,6
Alabama,Pickens County,1
Alabama,Pike,39
Alabama,Randolph,3
Alabama,Russell,60
Alabama,Saint Clair,1
Alabama,Shelby,43
Alabama,St. Clair,17
Alabama,Sumter,13
Alabama,Sunflower,1
Alabama,Talladega,39
Alabama,Tallapoosa,38
Alabama,Tuscaloosa,253
Alabama,Walker,27
Alabama,Washington,2
Alabama,Wilcox,11
Alabama,Winston,2
Alaska,Aleutians West,1
Alaska,Anchorage,494
Alaska,Barrow,10
Alaska,Bethel,41
Alaska,Bristol Bay,1
Alaska,Denali,6
Alaska,Dillingham,18
Alaska,Fairbanks North Star,248
Alaska,Haines,5
Alaska,Hoonah-Angoon,2
Alaska,Juneau,99
Alaska,Kenai Peninsula,84
Alaska,Ketchikan Gateway,16
Alaska,Kodiak Island,17
Alaska,Kusilvak,23
Alaska,Lake and Peninsula,8
Alaska,Matanuska-Susitna,172
Alaska,Nome,12
Alaska,North Slope,1
Alaska,Northwest Arctic,15
Alaska,Petersburg Borough,1
Alaska,Prince Of Wales Hyder,3
Alaska,Prince of Wales-Hyder,13
Alaska,Sitka,3
Alaska,Southeast Fairbanks,22
Alaska,Valdez-Cordova,7
Alaska,Yukon-Koyukuk,15
Arizona,Apache,7
Arizona,Cochise,46
Arizona,Coconino,43
Arizona,Dewey,1
Arizona,Gila,8
Arizona,Graham,9
Arizona,Greenlee,1
Arizona,La Paz,8
Arizona,Maricopa,1554
Arizona,Mohave,75
Arizona,Mojave,1
Arizona,Navajo,14
Arizona,Pima,357
Arizona,Pinal,69
Arizona,Santa Cruz,7
Arizona,Yavapai,42
Arizona,Yuma,51
Arkansas,Arkansas,7
Arkansas,Ashley,6
Arkansas,Baxter,39
Arkansas,Benton,70
Arkansas,Boone,11
Arkansas,Bradley,4
Arkansas,Calhoun,2
Arkansas,Carroll,6
Arkansas,Chicot,3
Arkansas,Choctaw,1
Arkansas,Clark,5
Arkansas,Clay,6
Arkansas,Cleburne,12
Arkansas,Columbia,5
Arkansas,Conway,1
Arkansas,Craighead,273
Arkansas,Crawford,21
Arkansas,Crittenden,22
Arkansas,Cross,15
Arkansas,Dallas,1
Arkansas,Desha,4
Arkansas,Drew,16
Arkansas,Faulkner,55
Arkansas,Franklin,4
Arkansas,Garland,31
Arkansas,Grant,5
Arkansas,Greene,21
Arkansas,Hempstead,13
Arkansas,Hot Spring,4
Arkansas,Howard,1
Arkansas,Independence,15
Arkansas,Izard,4
Arkansas,Jackson,14
Arkansas,Jefferson,148
Arkansas,Jefferson ,1
Arkansas,Johnson,11
Arkansas,Lafayette,2
Arkansas,Lawrence,12
Arkansas,LeFlore,2
Arkansas,Lee,3
Arkansas,Leflore,1
Arkansas,Lincoln,4
Arkansas,Little River,7
Arkansas,Logan,9
Arkansas,Lonoke,23
Arkansas,Madera,1
Arkansas,Madison,6
Arkansas,Marion,7
Arkansas,Miller,42
Arkansas,Mississippi,114
Arkansas,Monroe,8
Arkansas,Montgomery,1
Arkansas,Nevada,3
Arkansas,Newton,1
Arkansas,Norfolk,1
Arkansas,Ouachita,5
Arkansas,Perry,5
Arkansas,Phillips,43
Arkansas,Pike,1
Arkansas,Poinsett,21
Arkansas,Polk,3
Arkansas,Pope,28
Arkansas,Prairie,1
Arkansas,Pulaski,1133
Arkansas,Randolph,4
Arkansas,Saline,56
Arkansas,Scott,1
Arkansas,Searcy,4
Arkansas,Sebastian,106
Arkansas,Sevier,4
Arkansas,Sharp,13
Arkansas,St. Francis,36
Arkansas,Stone,1
Arkansas,Union,23
Arkansas,Van Buren,3
Arkansas,Washington,102
Arkansas,White,34
Arkansas,Woodruff,1
Arkansas,Yell,6
California,Alameda,1821
California,Amador,4
California,Butte,219
California,Calaveras,16
California,Colusa,7
California,Contra Costa,549
California,Del Norte,9
California,El Dorado,29
California,Fresno,1173
California,Glenn,14
California,Greenwood,1
California,Humboldt,323
California,Humboldt County,4
California,Huntington,1
California,Imperial,37
California,Kern,777
California,Kings,55
California,Lake,22
California,Lassen,3
California,Llano,1
California,Los Angeles,2989
California,Madera,49
California,Marin,35
California,Mariposa,6
California,Mendocino,33
California,Merced,262
California,Merced County,1
California,Mesa,2
California,Modoc,2
California,Monterey,486
California,Napa,22
California,Nevada,25
California,Orange,523
California,Placer,60
California,Riverside,795
California,Sacramento,634
California,San Benito,10
California,San Bernardino,778
California,San Diego,654
California,San Francisco,419
California,San Joaquin,621
California,San Joaquin County,1
California,San Luis Obispo,29
California,San Mateo,87
California,Santa Barbara,104
California,Santa Clara,365
California,Santa Cruz,142
California,Shasta,94
California,Siskiyou,14
California,Solano,182
California,Somerset,1
California,Sonoma,126
California,Stanislaus,264
California,Sutter,22
California,Tehama,173
California,Trinity,15
California,Tulare,246
California,Tuolumne,11
California,Valencia,3
California,Ventura,386
California,Westchester,1
California,Yolo,27
California,Yuba,35
Colorado,Adams,310
Colorado,Alamosa,3
Colorado,Arapahoe,95
Colorado,Archuleta,4
Colorado,Baca,1
Colorado,Boulder,72
Colorado,Broomfield,8
Colorado,Chaffee,1
Colorado,Clear Creek,2
Colorado,Conejos,2
Colorado,Costilla,1
Colorado,Custer,2
Colorado,Delta,6
Colorado,Denver,725
Colorado,Douglas,38
Colorado,Eagle,17
Colorado,El Paso,839
Colorado,Elbert,7
Colorado,Fremont,36
Colorado,Garfield,19
Colorado,Gilpin,3
Colorado,Grand,2
Colorado,Gunnison,4
Colorado,Huerfano,4
Colorado,Jefferson,74
Colorado,Kit Carson,1
Colorado,La Plata,13
Colorado,Lake,1
Colorado,Larimer,98
Colorado,Las Animas,5
Colorado,Lincoln,2
Colorado,Mesa,241
Colorado,Moffat,4
Colorado,Montezuma,5
Colorado,Montrose,17
Colorado,Morgan,1
Colorado,Otero,3
Colorado,Park,7
Colorado,Phillips,1
Colorado,Pine,1
Colorado,Pitkin,8
Colorado,Prowers,1
Colorado,Pueblo,380
Colorado,Rio Blanco,1
Colorado,Rio Grande,4
Colorado,Routt,5
Colorado,Saguache,5
Colorado,San Miguel,1
Colorado,Summit,4
Colorado,Teller,6
Colorado,Washington,1
Colorado,Weld,103
Colorado,Yuma,1
Connecticut,Burlington,3
Connecticut,Cheshire,6
Connecticut,Columbia,2
Connecticut,Essex,2
Connecticut,Fairfield,1059
Connecticut,Goshen,1
Connecticut,Guilford,2
Connecticut,Hampton,1
Connecticut,Hartford,732
Connecticut,Kent,3
Connecticut,Lebanon,3
Connecticut,Litchfield,33
Connecticut,Madison,2
Connecticut,Middlesex,26
Connecticut,Monroe,4
Connecticut,New Haven,686
Connecticut,New London,128
Connecticut,Oxford,4
Connecticut,Preston,3
Connecticut,Salem,1
Connecticut,Stafford,2
Connecticut,Sterling,1
Connecticut,Tolland,10
Connecticut,Vernon,4
Connecticut,Weston,1
Connecticut,Windham,31
Connecticut,Windsor,4
Delaware,Kent,342
Delaware,Lincoln,10
Delaware,New Castle,1181
Delaware,Sussex,140
District of Columbia,District of Columbia,3184
Florida,Alachua,239
Florida,Arlington,1
Florida,Baker,13
Florida,Bay,201
Florida,Bradford,7
Florida,Brevard,336
Florida,Broward,780
Florida,Calhoun,7
Florida,Charlotte,52
Florida,Citrus,27
Florida,Clay,64
Florida,Collier,165
Florida,Columbia,56
Florida,DeSoto,4
Florida,Dixie,6
Florida,Duval,2339
Florida,Escambia,265
Florida,Flagler,113
Florida,Florida,2
Florida,Franklin,13
Florida,Gadsden,13
Florida,Gilchrist,6
Florida,Gulf,8
Florida,Hamilton,3
Florida,Hendry,9
Florida,Hernando,98
Florida,Highlands,40
Florida,Hillsborough,831
Florida,Holmes,13
Florida,Indian River,122
Florida,Jackson,77
Florida,Jefferson,3
Florida,Lackawanna,1
Florida,Lafayette,1
Florida,Lake,224
Florida,Lee,700
Florida,Leon,264
Florida,Levy,15
Florida,Liberty,16
Florida,Madison,23
Florida,Manatee,299
Florida,Marion,389
Florida,Martin,79
Florida,Miami-Dade,1297
Florida,Miami-dade,44
Florida,Monroe,92
Florida,Nassau,37
Florida,Okaloosa,204
Florida,Okeechobee,45
Florida,Orange,1426
Florida,Osceola,104
Florida,Palm Beach,1298
Florida,Pasco,128
Florida,Pinellas,383
Florida,Polk,221
Florida,Putnam,72
Florida,Saint Johns,5
Florida,Saint Lucie,4
Florida,San Mateo,2
Florida,Santa Rosa,67
Florida,Sarasota,178
Florida,Seminole,189
Florida,St. Johns,88
Florida,St. Lucie,331
Florida,Sumter,43
Florida,Suwannee,8
Florida,Taylor,11
Florida,Union,3
Florida,Volusia,410
Florida,Wakulla,10
Florida,Walton,17
Florida,Washington,28
Georgia,Appling,2
Georgia,Atkinson,2
Georgia,Bacon,7
Georgia,Baldwin,66
Georgia,Banks,5
Georgia,Barrow,80
Georgia,Bartow,46
Georgia,Ben Hill,6
Georgia,Berrien,6
Georgia,Bibb,512
Georgia,Bleckley,2
Georgia,Brooks,4
Georgia,Bryan,20
Georgia,Bulloch,190
Georgia,Burke,31
Georgia,Butts,6
Georgia,Calhoun,1
Georgia,Camden,5
Georgia,Candler,7
Georgia,Carroll,25
Georgia,Catoosa,12
Georgia,Charlton,3
Georgia,Chatham,779
Georgia,Chattahoochee,1
Georgia,Chattooga,9
Georgia,Cherokee,36
Georgia,Clarke,381
Georgia,Clay,1
Georgia,Clayton,137
Georgia,Clinch,4
Georgia,Cobb,213
Georgia,Coffee,38
Georgia,Colquitt,138
Georgia,Columbia,44
Georgia,Cook,14
Georgia,Coweta,59
Georgia,Crawford,8
Georgia,Crisp,37
Georgia,Dade,3
Georgia,Darlington,1
Georgia,Dawson,8
Georgia,DeKalb,372
Georgia,Decatur,22
Georgia,Dekalb,63
Georgia,Dodge,9
Georgia,Dooly,5
Georgia,Dougherty,220
Georgia,Douglas,33
Georgia,Early,4
Georgia,Effingham,76
Georgia,Elbert,7
Georgia,Emanuel,12
Georgia,Evans,1
Georgia,Fannin,1
Georgia,Fayette,23
Georgia,Floyd,245
Georgia,Forsyth,33
Georgia,Franklin,6
Georgia,Fulton,1665
Georgia,Gilmer,4
Georgia,Glynn,85
Georgia,Gordon,17
Georgia,Grady,10
Georgia,Greene,2
Georgia,Gwinnett,213
Georgia,Habersham,14
Georgia,Hall,71
Georgia,Hancock,2
Georgia,Haralson,4
Georgia,Harris,4
Georgia,Hart,5
Georgia,Heard,1
Georgia,Henry,34
Georgia,Houston,111
Georgia,Irwin,7
Georgia,Jackson,80
Georgia,Jasper,3
Georgia,Jeff Davis,2
Georgia,Jefferson,4
Georgia,Jenkins,4
Georgia,Johnson,4
Georgia,Jones,3
Georgia,LaGrange,1
Georgia,Lamar,4
Georgia,Lanier,4
Georgia,Laurens,16
Georgia,Lee,11
Georgia,Liberty,31
Georgia,Lincoln,4
Georgia,Long,6
Georgia,Lowndes,169
Georgia,Lumpkin,2
Georgia,Macon,4
Georgia,Madison,61
Georgia,Marion,1
Georgia,McDuffie,19
Georgia,McIntosh,2
Georgia,Meriwether,9
Georgia,Midland,1
Georgia,Miller,3
Georgia,Mitchell,11
Georgia,Monroe,14
Georgia,Montgomery,3
Georgia,Morgan,4
Georgia,Murray,3
Georgia,Muscogee,817
Georgia,Newton,61
Georgia,Oconee,50
Georgia,Oglethorpe,2
Georgia,Paulding,28
Georgia,Peach,36
Georgia,Pickens,6
Georgia,Pierce,1
Georgia,Pike,1
Georgia,Polk,14
Georgia,Pulaski,5
Georgia,Putnam,5
Georgia,Quitman,2
Georgia,Rabun,4
Georgia,Randolph,1
Georgia,Richmond,395
Georgia,Rockdale,34
Georgia,Screven,5
Georgia,Spalding,23
Georgia,Spaulding,1
Georgia,Stephens,15
Georgia,Stewart,2
Georgia,Sumter,29
Georgia,Talbot,2
Georgia,Taliaferro,2
Georgia,Tattnall,3
Georgia,Telfair,2
Georgia,Terrell,10
Georgia,Thomas,47
Georgia,Tift,49
Georgia,Toombs,13
Georgia,Towns,4
Georgia,Troup,25
Georgia,Turner,5
Georgia,Twiggs,7
Georgia,Union,1
Georgia,Upson,4
Georgia,Walker,21
Georgia,Walton,25
Georgia,Ware,9
Georgia,Warren,8
Georgia,Washington,8
Georgia,Wayne,4
Georgia,Webster,1
Georgia,White,6
Georgia,Whitfield,25
Georgia,Wilcox,4
Georgia,Wilkes,3
Georgia,Wilkinson,3
Georgia,Winston,1
Georgia,Worth,10
Hawaii,Hawaii,100
Hawaii,Honolulu,117
Hawaii,Kauai,15
Hawaii,Maui,22
Idaho,Ada,150
Idaho,Adams,1
Idaho,Bannock,51
Idaho,Benewah,6
Idaho,Bingham,17
Idaho,Blaine,2
Idaho,Boise,1
Idaho,Bonner,23
Idaho,Bonneville,63
Idaho,Boundary,2
Idaho,Canyon,100
Idaho,Caribou,4
Idaho,Cassia,5
Idaho,Clark,1
Idaho,Clearwater,3
Idaho,Custer,1
Idaho,Elmore,8
Idaho,Franklin,2
Idaho,Gem,5
Idaho,Gooding,7
Idaho,Idaho,3
Idaho,Jefferson,14
Idaho,Jerome,6
Idaho,Kootenai,30
Idaho,Kootenai County,1
Idaho,Latah,20
Idaho,Lemhi,2
Idaho,Lewis,1
Idaho,Lincoln,3
Idaho,Madison,10
Idaho,Minidoka,6
Idaho,Nez Perce,19
Idaho,Oneida,1
Idaho,Owyhee,3
Idaho,Payette,5
Idaho,Power,1
Idaho,Shoshone,12
Idaho,Teton,4
Idaho,Twin Falls,28
Idaho,Washington,2
Illinois,Adams,68
Illinois,Alexander,7
Illinois,Bond,1
Illinois,Boone,15
Illinois,Bristol,2
Illinois,Bureau,4
Illinois,Calhoun,2
Illinois,Carroll,2
Illinois,Champaign,352
Illinois,Christian,8
Illinois,Clinton,3
Illinois,Coles,28
Illinois,Cook,12235
Illinois,Cumberland,2
Illinois,De Witt,3
Illinois,DeKalb,8
Illinois,Douglas,2
Illinois,DuPage,84
Illinois,Edgar,2
Illinois,Edwards,1
Illinois,Effingham,8
Illinois,Fayette,3
Illinois,Ford,5
Illinois,Franklin,17
Illinois,Fulton,3
Illinois,Gallatin,1
Illinois,Greene,1
Illinois,Grundy,8
Illinois,Hancock,6
Illinois,Hardin,1
Illinois,Henderson,4
Illinois,Henry,9
Illinois,Iroquois,7
Illinois,Jackson,102
Illinois,Jasper,1
Illinois,Jefferson,42
Illinois,Jersey,1
Illinois,Jo Daviess,5
Illinois,Kane,296
Illinois,Kankakee,204
Illinois,Kendall,10
Illinois,Knox,16
Illinois,LaSalle,6
Illinois,Lake,146
Illinois,Lasalle,1
Illinois,Lee,6
Illinois,Livingston,4
Illinois,Logan,3
Illinois,Macon,147
Illinois,Macoupin,6
Illinois,Madison,196
Illinois,Marion,48
Illinois,Marion County,1
Illinois,Marshall,3
Illinois,Massac,12
Illinois,McDonough,4
Illinois,McHenry,38
Illinois,McLean,66
Illinois,Mchenry,1
Illinois,Menard,3
Illinois,Mercer,1
Illinois,Monroe,5
Illinois,Montgomery,4
Illinois,Morgan,12
Illinois,Ogle,7
Illinois,Owen,1
Illinois,Ozark,1
Illinois,Peoria,931
Illinois,Perry,6
Illinois,Piatt,4
Illinois,Pike,1
Illinois,Pope,1
Illinois,Pulaski,4
Illinois,Randolph,4
Illinois,Rock Island,65
Illinois,Saint Clair,4
Illinois,Saline,20
Illinois,Sangamon,317
Illinois,Schuyler,1
Illinois,Scott,1
Illinois,Shelby,1
Illinois,St. Clair,321
Illinois,Stark,1
Illinois,Stephenson,65
Illinois,Tazewell,36
Illinois,Union,3
Illinois,Vermilion,115
Illinois,Wabash,1
Illinois,Warren,4
Illinois,Washington,1
Illinois,Wayne,4
Illinois,White,1
Illinois,Whiteside,22
Illinois,Will,296
Illinois,Williamson,48
Illinois,Winnebago,881
Illinois,Woodford,1
Indiana,Adams,5
Indiana,Allen,612
Indiana,Bartholomew,42
Indiana,Benton,3
Indiana,Blackford,1
Indiana,Boone,12
Indiana,Brown,4
Indiana,Calumet,1
Indiana,Carroll,1
Indiana,Cass,12
Indiana,Clark,60
Indiana,Clay,10
Indiana,Clinton,7
Indiana,Crawford,3
Indiana,Daviess,11
Indiana,DeKalb,10
Indiana,Dearborn,11
Indiana,Decatur,10
Indiana,Dekalb,2
Indiana,Delaware,95
Indiana,Dubois,18
Indiana,Elkhart,127
Indiana,Fayette,4
Indiana,Floyd,25
Indiana,Franklin,8
Indiana,Fulton,9
Indiana,Gibson,8
Indiana,Grant,17
Indiana,Greene,6
Indiana,Hamblen,1
Indiana,Hamilton,29
Indiana,Hancock,17
Indiana,Harrison,6
Indiana,Hendricks,27
Indiana,Henry,21
Indiana,Howard,53
Indiana,Huntington,4
Indiana,Jackson,30
Indiana,Jasper,2
Indiana,Jay,2
Indiana,Jefferson,5
Indiana,Jennings,9
Indiana,Johnson,81
Indiana,Knox,4
Indiana,Kosciusko,30
Indiana,La Porte,1
Indiana,LaGrange,3
Indiana,LaPorte,44
Indiana,Lagrange,4
Indiana,Lake,835
Indiana,Laporte,2
Indiana,Lawrence,16
Indiana,Madison,56
Indiana,Marion,1975
Indiana,Marshall,7
Indiana,Martin,4
Indiana,Miami,12
Indiana,Monroe,46
Indiana,Montgomery,10
Indiana,Morgan,7
Indiana,Newton,2
Indiana,Noble,15
Indiana,Ohio,2
Indiana,Orange,5
Indiana,Owen,3
Indiana,Parke,3
Indiana,Perry,4
Indiana,Pike,2
Indiana,Porter,71
Indiana,Posey,6
Indiana,Pulaski,1
Indiana,Putnam,10
Indiana,Randolph,12
Indiana,Ripley,10
Indiana,Rush,4
Indiana,Scott,9
Indiana,Shelby,13
Indiana,Spencer,3
Indiana,St Joseph,1
Indiana,St. Joseph,382
Indiana,Starke,7
Indiana,Steuben,12
Indiana,Sullivan,9
Indiana,Switzerland,1
Indiana,Tippecanoe,174
Indiana,Tipton,1
Indiana,Union,1
Indiana,Vanderburgh,341
Indiana,Vermillion,2
Indiana,Vigo,75
Indiana,Wabash,4
Indiana,Warren,1
Indiana,Warrick,12
Indiana,Washington,9
Indiana,Wayne,95
Indiana,Wells,9
Indiana,White,9
Indiana,Whitley,4
Indiana,Williamsburg,1
Iowa,Adams,2
Iowa,Allamakee,1
Iowa,Appanoose,2
Iowa,Benton,2
Iowa,Black Hawk,510
Iowa,Boone,5
Iowa,Bremer,7
Iowa,Buchanan,6
Iowa,Buena Vista,12
Iowa,Butler,1
Iowa,Calhoun,1
Iowa,Carroll,1
Iowa,Cass,1
Iowa,Cedar,3
Iowa,Cerro Gordo,24
Iowa,Cherokee,2
Iowa,Chickasaw,3
Iowa,Clarke,1
Iowa,Clay,7
Iowa,Clayton,4
Iowa,Clinton,19
Iowa,Crawford,3
Iowa,Dallas,3
Iowa,Decatur,1
Iowa,Delaware,3
Iowa,Des Moines,65
Iowa,Dickinson,5
Iowa,Dubuque,63
Iowa,Emmet,3
Iowa,Fayette,16
Iowa,Floyd,9
Iowa,Franklin,3
Iowa,Fremont,2
Iowa,Greene,2
Iowa,Grundy,2
Iowa,Guthrie,3
Iowa,Hancock,2
Iowa,Hardin,5
Iowa,Harrison,3
Iowa,Henry,6
Iowa,Howard,2
Iowa,Humboldt,3
Iowa,Ida,2
Iowa,Iowa,4
Iowa,Jackson,4
Iowa,Jasper,11
Iowa,Jefferson,3
Iowa,Johnson,91
Iowa,Jones,2
Iowa,Keokuk,1
Iowa,Kossuth,1
Iowa,Lee,15
Iowa,Linn,259
Iowa,Louisa,2
Iowa,Lucas,1
Iowa,Lyon,6
Iowa,Madison,6
Iowa,Madison ,1
Iowa,Mahaska,4
Iowa,Marion,7
Iowa,Marshall,12
Iowa,Mills,4
Iowa,Mitchell,2
Iowa,Monona,4
Iowa,Montgomery,9
Iowa,Muscatine,40
Iowa,Osceola,2
Iowa,Page,2
Iowa,Palo Alto,2
Iowa,Plymouth,7
Iowa,Polk,567
Iowa,Pottawattamie,82
Iowa,Poweshiek,1
Iowa,Ringgold,1
Iowa,Sac,7
Iowa,Scott,332
Iowa,Sioux,5
Iowa,Sterling,1
Iowa,Story,21
Iowa,Tama,4
Iowa,Taylor,2
Iowa,Union,2
Iowa,Wapello,14
Iowa,Washington,7
Iowa,Webster,42
Iowa,Winnebago,6
Iowa,Winneshiek,3
Iowa,Woodbury,91
Iowa,Wright,2
Kansas,Atchison,1
Kansas,Barber,3
Kansas,Barton,20
Kansas,Bourbon,2
Kansas,Brown,3
Kansas,Butler,11
Kansas,Cherokee,10
Kansas,Cheyenne,2
Kansas,Clay,1
Kansas,Comanche,1
Kansas,Cowley,14
Kansas,Crawford,24
Kansas,Decatur,4
Kansas,Dickinson,9
Kansas,Douglas,67
Kansas,Ellis,4
Kansas,Ellsworth,4
Kansas,Finney,10
Kansas,Ford,6
Kansas,Franklin,5
Kansas,Geary,25
Kansas,Greenwood,1
Kansas,Hamilton,1
Kansas,Harper,1
Kansas,Harvey,10
Kansas,Jackson,8
Kansas,Jefferson,7
Kansas,Johnson,124
Kansas,Johnson County,1
Kansas,Kingman,1
Kansas,Labette,26
Kansas,Leavenworth,55
Kansas,Logan,1
Kansas,Lyon,8
Kansas,Marion,3
Kansas,Marshall,2
Kansas,McPherson,6
Kansas,Mcpherson,3
Kansas,Miami,1
Kansas,Montgomery,15
Kansas,Morris,1
Kansas,Nemaha,1
Kansas,Neosho,3
Kansas,Ness,1
Kansas,Norton,1
Kansas,Osage,2
Kansas,Ottawa,1
Kansas,Pawnee,1
Kansas,Pottawatomie,6
Kansas,Pratt,7
Kansas,Reno,25
Kansas,Riley,51
Kansas,Rooks,1
Kansas,Saline,94
Kansas,Scott,1
Kansas,Sedgwick,822
Kansas,Seward,5
Kansas,Shawnee,368
Kansas,Sheridan,1
Kansas,Sherman,2
Kansas,Stafford,2
Kansas,Stevens,1
Kansas,Sumner,1
Kansas,Thomas,1
Kansas,Wabaunsee,1
Kansas,Wilson,1
Kansas,Wyandotte,233
Kentucky,Adair,4
Kentucky,Allen,10
Kentucky,Anderson,15
Kentucky,Ballard,10
Kentucky,Banner,1
Kentucky,Barren,42
Kentucky,Bath,5
Kentucky,Baxter,1
Kentucky,Bell,17
Kentucky,Bledsoe,1
Kentucky,Boone,44
Kentucky,Bourbon,8
Kentucky,Boyd,19
Kentucky,Boyle,17
Kentucky,Bracken,1
Kentucky,Breathitt,8
Kentucky,Breckinridge,3
Kentucky,Bullitt,20
Kentucky,Butler,4
Kentucky,Caldwell,7
Kentucky,Calloway,23
Kentucky,Campbell,24
Kentucky,Carlisle,4
Kentucky,Carroll,1
Kentucky,Carter,9
Kentucky,Casey,6
Kentucky,Christian,137
Kentucky,Clark,15
Kentucky,Clay,16
Kentucky,Clearfield,1
Kentucky,Clinton,2
Kentucky,Crittenden,1
Kentucky,Cumberland,2
Kentucky,Daviess,73
Kentucky,Edmonson,3
Kentucky,Elliott,3
Kentucky,Estill,9
Kentucky,Fayette,850
Kentucky,Fleming,1
Kentucky,Floyd,15
Kentucky,Franklin,54
Kentucky,Fulton,5
Kentucky,Gallatin,1
Kentucky,Garfield,1
Kentucky,Garrard,5
Kentucky,Graham,1
Kentucky,Grant,7
Kentucky,Graves,35
Kentucky,Gray,3
Kentucky,Grayson,7
Kentucky,Greenup,8
Kentucky,Hancock,4
Kentucky,Hardin,39
Kentucky,Harlan,24
Kentucky,Harrison,11
Kentucky,Hart,8
Kentucky,Henderson,72
Kentucky,Henry,5
Kentucky,Hopkins,45
Kentucky,Jackson,3
Kentucky,Jefferson,1426
Kentucky,Jessamine,25
Kentucky,Johnson,5
Kentucky,Kenton,55
Kentucky,Knott,4
Kentucky,Knox,9
Kentucky,LaGrange,2
Kentucky,Laurel,47
Kentucky,Lawrence,6
Kentucky,Lee,6
Kentucky,Leslie,3
Kentucky,Letcher,7
Kentucky,Lewis,4
Kentucky,Lincoln,10
Kentucky,Livingston,2
Kentucky,Logan,16
Kentucky,Lyon,8
Kentucky,Madison,52
Kentucky,Magoffin,1
Kentucky,Marion,5
Kentucky,Marshall,12
Kentucky,Martin,5
Kentucky,Mason,2
Kentucky,McCracken,85
Kentucky,McCreary,3
Kentucky,McLean,2
Kentucky,Mccracken,6
Kentucky,Mccreary,1
Kentucky,Meade,2
Kentucky,Mercer,8
Kentucky,Metcalfe,6
Kentucky,Monroe,2
Kentucky,Montgomery,3
Kentucky,Morgan,3
Kentucky,Muhlenberg,16
Kentucky,Nelson,29
Kentucky,Nicholas,2
Kentucky,Ohio,16
Kentucky,Oldham,12
Kentucky,Owen,1
Kentucky,Owsley,4
Kentucky,Pendleton,1
Kentucky,Perry,13
Kentucky,Pike,24
Kentucky,Powell,6
Kentucky,Pulaski,39
Kentucky,Robertson,2
Kentucky,Rockcastle,9
Kentucky,Rowan,9
Kentucky,Russell,6
Kentucky,Scott,30
Kentucky,Shelby,12
Kentucky,Simpson,11
Kentucky,Spencer,8
Kentucky,Stone,1
Kentucky,Taylor,18
Kentucky,Todd,7
Kentucky,Trigg,12
Kentucky,Trimble,2
Kentucky,Union,9
Kentucky,Walker,2
Kentucky,Warren,88
Kentucky,Washington,7
Kentucky,Wayne,9
Kentucky,Webster,5
Kentucky,Whitley,33
Kentucky,Wolfe,10
Kentucky,Woodford,8
Louisiana,Acadia,68
Louisiana,Allen,5
Louisiana,Ascension,56
Louisiana,Assumption,29
Louisiana,Avoyelles,8
Louisiana,Beauregard,6
Louisiana,Bienville,5
Louisiana,Bossier,101
Louisiana,Bossier Parish,2
Louisiana,Caddo,861
Louisiana,Caddo Parish,1
Louisiana,Calcasieu,144
Louisiana,Caldwell,3
Louisiana,Cameron Parish,1
Louisiana,Catahoula,3
Louisiana,Claiborne,3
Louisiana,Concordia,8
Louisiana,De Soto,13
Louisiana,East Baton Rouge,914
Louisiana,East Carroll,1
Louisiana,East Feliciana,8
Louisiana,Evangeline,15
Louisiana,Franklin,5
Louisiana,Grant,3
Louisiana,Iberia,90
Louisiana,Iberville,25
Louisiana,Iberville Parish,1
Louisiana,Jackson,4
Louisiana,Jefferson,584
Louisiana,Jefferson Davis,30
Louisiana,La Salle Parish,2
Louisiana,Lafayette,281
Louisiana,Lafourche,85
Louisiana,Lincoln,23
Louisiana,Livingston,41
Louisiana,Madison,11
Louisiana,Mora,1
Louisiana,Morehouse,17
Louisiana,Natchitoches,53
Louisiana,Orleans,3135
Louisiana,Ouachita,183
Louisiana,Plaquemines,15
Louisiana,Pointe Coupee,16
Louisiana,Rapides,124
Louisiana,Red River,3
Louisiana,Richland,5
Louisiana,Richland Parish,1
Louisiana,Sabine,11
Louisiana,Saint Landry,1
Louisiana,St. Bernard,36
Louisiana,St. Charles,23
Louisiana,St. Helena,6
Louisiana,St. James,4
Louisiana,St. John the Baptist,48
Louisiana,St. Landry,126
Louisiana,St. Martin,46
Louisiana,St. Mary,38
Louisiana,St. Tammany,140
Louisiana,Tangipahoa,114
Louisiana,Terrebonne,119
Louisiana,Union,15
Louisiana,Vermilion,35
Louisiana,Vernon,13
Louisiana,Washington,41
Louisiana,Webster,17
Louisiana,West Baton Rouge,18
Louisiana,West Carroll,2
Louisiana,West Feliciana,2
Louisiana,Winn,3
Louisiana,jefferson parish,1
Maine,Androscoggin,43
Maine,Aroostook,19
Maine,Athens,3
Maine,Baldwin,1
Maine,Benton,1
Maine,Bristol,4
Maine,Brooks,1
Maine,Chester,1
Maine,Cumberland,113
Maine,Franklin,11
Maine,Grand Isle,1
Maine,Greene,1
Maine,Hancock,13
Maine,Jay,4
Maine,Jefferson,2
Maine,Kennebec,105
Maine,Knox,11
Maine,Lebanon,5
Maine,Lee,1
Maine,Lincoln,33
Maine,Litchfield,4
Maine,Mercer,2
Maine,Monroe,1
Maine,Oxford,18
Maine,Penobscot,54
Maine,Phillips,1
Maine,Piscataquis,3
Maine,Sagadahoc,14
Maine,Sherman,1
Maine,Somerset,137
Maine,Sumner,1
Maine,Union,2
Maine,Waldo,6
Maine,Warren,1
Maine,Washington,2
Maine,Wells,1
Maine,Windham,3
Maine,Windsor,6
Maine,Winn,1
Maine,York,72
Maryland,Allegany,29
Maryland,Anne Arundel,376
Maryland,Baltimore,195
Maryland,Baltimore ,3938
Maryland,Baltimore (city),5
Maryland,Calvert,14
Maryland,Caroline,8
Maryland,Carroll,26
Maryland,Cecil,24
Maryland,Charles,54
Maryland,Dorchester,11
Maryland,Faulkner,1
Maryland,Frederick,75
Maryland,Garrett,3
Maryland,Hampden,1
Maryland,Hanover,15
Maryland,Harford,67
Maryland,Howard,43
Maryland,Kent,3
Maryland,McHenry,1
Maryland,Montgomery,96
Maryland,Montgomery County,2
Maryland,Prince George,1
Maryland,Prince George's,479
Maryland,Prince Georges,7
Maryland,Queen Anne's,7
Maryland,Somerset,12
Maryland,St. Mary's,24
Maryland,Talbot,2
Maryland,Washington,88
Maryland,Wicomico,58
Maryland,Worcester,20
Massachusetts,Amherst,8
Massachusetts,Ashland,3
Massachusetts,Barnstable,114
Massachusetts,Bedford,2
Massachusetts,Berkshire,181
Massachusetts,Bristol,432
Massachusetts,Carver,2
Massachusetts,Charlton,1
Massachusetts,Dorchester,25
Massachusetts,Essex,496
Massachusetts,Franklin,6
Massachusetts,Hampden,1020
Massachusetts,Hampshire,18
Massachusetts,Hanover,1
Massachusetts,Lancaster,1
Massachusetts,Marion,1
Massachusetts,Middlesex,336
Massachusetts,Montague,3
Massachusetts,Norfolk,91
Massachusetts,Norton,5
Massachusetts,Plymouth,506
Massachusetts,Richmond,1
Massachusetts,Rockland,6
Massachusetts,Southampton,1
Massachusetts,Suffolk,1825
Massachusetts,Sutton,1
Massachusetts,Weston,2
Massachusetts,Whitman,2
Massachusetts,Worcester,522
Michigan,Alcona,1
Michigan,Alger,1
Michigan,Allegan,12
Michigan,Alpena,3
Michigan,Antrim,5
Michigan,Arenac,2
Michigan,Baraga ,1
Michigan,Barry,4
Michigan,Barry County,1
Michigan,Bay,67
Michigan,Bedford,1
Michigan,Benzie,2
Michigan,Berrien,81
Michigan,Branch,7
Michigan,Calhoun,207
Michigan,Cass,18
Michigan,Charlevoix,6
Michigan,Cheboygan,1
Michigan,Chesterfield,1
Michigan,Chippewa,5
Michigan,Clare,15
Michigan,Clinton,3
Michigan,Crawford,1
Michigan,Dearborn,1
Michigan,Delta,4
Michigan,Dickinson,5
Michigan,Eaton,12
Michigan,Emmet,1
Michigan,Erie,4
Michigan,Genesee,703
Michigan,Genessee,1
Michigan,Gladwin,8
Michigan,Gogebic,2
Michigan,Grand Traverse,33
Michigan,Gratiot,4
Michigan,Highland,4
Michigan,Hillsdale,10
Michigan,Houghton,4
Michigan,Huron,8
Michigan,Ingham,210
Michigan,Ionia,12
Michigan,Iosco,2
Michigan,Iron,4
Michigan,Isabella,22
Michigan,Jackson,138
Michigan,Jerome,1
Michigan,Kalamazoo,192
Michigan,Kalkaska,2
Michigan,Kent,427
Michigan,La Salle,1
Michigan,Lake,2
Michigan,Lapeer,13
Michigan,Leelanau,6
Michigan,Lenawee,22
Michigan,Livingston,6
Michigan,Lyon,2
Michigan,Mackinac,1
Michigan,Macomb,133
Michigan,Manistee,9
Michigan,Marquette,12
Michigan,Mason,4
Michigan,Mecosta,9
Michigan,Menominee,1
Michigan,Midland,8
Michigan,Missaukee,2
Michigan,Monroe,27
Michigan,Montcalm,6
Michigan,Montmorency,2
Michigan,Muskegon,151
Michigan,Newaygo,5
Michigan,Newport,1
Michigan,Oakland,458
Michigan,Oceana,2
Michigan,Ogemaw,3
Michigan,Osceola,5
Michigan,Otsego,3
Michigan,Ottawa,48
Michigan,Presque Isle,3
Michigan,Ray,1
Michigan,Roscommon,2
Michigan,Saginaw,253
Michigan,Sanilac,13
Michigan,Shiawassee,9
Michigan,St. Clair,16
Michigan,St. Joseph,16
Michigan,Tuscola,6
Michigan,Van Buren,27
Michigan,Wallace,1
Michigan,Washington,1
Michigan,Washtenaw,246
Michigan,Wayne,2120
Michigan,Wexford,6
Minnesota,Aitkin,3
Minnesota,Anoka,33
Minnesota,Becker,14
Minnesota,Beltrami,53
Minnesota,Benton,8
Minnesota,Blue Earth,15
Minnesota,Brown,2
Minnesota,Carlton,11
Minnesota,Carver,12
Minnesota,Cass,11
Minnesota,Chippewa,1
Minnesota,Chisago,12
Minnesota,Clay,35
Minnesota,Clearwater,1
Minnesota,Cook,3
Minnesota,Cottonwood,2
Minnesota,Crow Wing,49
Minnesota,Dakota,44
Minnesota,Dodge,1
Minnesota,Douglas,13
Minnesota,Fillmore,5
Minnesota,Freeborn,64
Minnesota,Goodhue,11
Minnesota,Hennepin,836
Minnesota,Houston,4
Minnesota,Hubbard,2
Minnesota,Isanti,5
Minnesota,Itasca,8
Minnesota,Jackson,1
Minnesota,Kanabec,1
Minnesota,Kandiyohi,7
Minnesota,Koochiching,2
Minnesota,Lac qui Parle,2
Minnesota,Lake,1
Minnesota,Le Sueur,2
Minnesota,Lyon,4
Minnesota,Mahnomen,5
Minnesota,Marshall,1
Minnesota,Martin,2
Minnesota,McLeod,1
Minnesota,Meeker,4
Minnesota,Mille Lacs,16
Minnesota,Morrison,4
Minnesota,Mower,55
Minnesota,Nobles,2
Minnesota,Norman,4
Minnesota,Olmsted,188
Minnesota,Otter Tail,19
Minnesota,Pennington,2
Minnesota,Pine,8
Minnesota,Polk,10
Minnesota,Pope,1
Minnesota,Ramsey,492
Minnesota,Red Lake,3
Minnesota,Redwood,1
Minnesota,Renville,1
Minnesota,Rice,7
Minnesota,Rock,1
Minnesota,Roseau,3
Minnesota,Scott,15
Minnesota,Sherburne,7
Minnesota,St. Louis,93
Minnesota,Stearns,70
Minnesota,Steele,7
Minnesota,Swift,4
Minnesota,Todd,2
Minnesota,Traverse,1
Minnesota,Wabasha,5
Minnesota,Wadena,4
Minnesota,Waseca,2
Minnesota,Washington,25
Minnesota,Watonwan,3
Minnesota,Webster,1
Minnesota,Wilkin,5
Minnesota,Winona,26
Minnesota,Wright,8
Minnesota,Yellow Medicine,3
Mississippi,Adams,70
Mississippi,Alcorn,40
Mississippi,Amite,4
Mississippi,Attala,20
Mississippi,Benton,2
Mississippi,Bolivar,22
Mississippi,Calhoun,12
Mississippi,Carroll,4
Mississippi,Chickasaw,22
Mississippi,Choctaw,1
Mississippi,Claiborne,13
Mississippi,Clarke,9
Mississippi,Clay,16
Mississippi,Coahoma,24
Mississippi,Copiah,25
Mississippi,Covington,15
Mississippi,DeSoto,53
Mississippi,Desoto,3
Mississippi,Forrest,163
Mississippi,Franklin,3
Mississippi,George,14
Mississippi,Greene,2
Mississippi,Grenada,39
Mississippi,Hancock,37
Mississippi,Harrison,282
Mississippi,Hinds,886
Mississippi,Holmes,29
Mississippi,Itawamba,7
Mississippi,Jackson,127
Mississippi,Jasper,7
Mississippi,Jefferson,4
Mississippi,Jefferson Davis,12
Mississippi,Jones,70
Mississippi,Kemper,13
Mississippi,Lafayette,35
Mississippi,Lamar,22
Mississippi,Lauderdale,365
Mississippi,Lawrence,11
Mississippi,Leake,10
Mississippi,Lee,108
Mississippi,Leflore,43
Mississippi,Lincoln,29
Mississippi,Lowndes,109
Mississippi,Madison,58
Mississippi,Marion,28
Mississippi,Marshall,32
Mississippi,Monroe,50
Mississippi,Montgomery,6
Mississippi,Neshoba,37
Mississippi,Newton,12
Mississippi,Noxubee,15
Mississippi,Oktibbeha,34
Mississippi,Panola,34
Mississippi,Pearl River,23
Mississippi,Perry,5
Mississippi,Pike,22
Mississippi,Pontotoc,12
Mississippi,Prentiss,17
Mississippi,Quitman,3
Mississippi,Rankin,58
Mississippi,Russell,1
Mississippi,Scott,14
Mississippi,Sharkey,3
Mississippi,Simpson,11
Mississippi,Smith,3
Mississippi,Stone,12
Mississippi,Sunflower,4
Mississippi,Tallahatchie,1
Mississippi,Tate,1
Mississippi,Tippah,14
Mississippi,Tishomingo,19
Mississippi,Tunica,13
Mississippi,Union,9
Mississippi,Walthall,8
Mississippi,Warren,78
Mississippi,Washington,53
Mississippi,Wayne,19
Mississippi,Webster,4
Mississippi,Wilkinson,3
Mississippi,Winston,10
Mississippi,Yalobusha,5
Mississippi,Yazoo,25
Missouri,Adair,10
Missouri,Andrew,2
Missouri,Atchison,1
Missouri,Audrain,22
Missouri,Barry,14
Missouri,Barton,1
Missouri,Bates,1
Missouri,Beaufort,1
Missouri,Benton,5
Missouri,Bollinger,6
Missouri,Boone,537
Missouri,Buchanan,74
Missouri,Butler,29
Missouri,Callaway,40
Missouri,Camden,10
Missouri,Cape Girardeau,157
Missouri,Carroll,2
Missouri,Carter,1
Missouri,Cass,19
Missouri,Cedar,4
Missouri,Christian,17
Missouri,Clark,1
Missouri,Clay,23
Missouri,Clinton,3
Missouri,Cole,107
Missouri,Cooper,12
Missouri,Crawford,4
Missouri,Dade,2
Missouri,Dallas,5
Missouri,Daviess,1
Missouri,Dekalb,1
Missouri,Dent,2
Missouri,Douglas,7
Missouri,Dunklin,19
Missouri,Franklin,42
Missouri,Gasconade,6
Missouri,Gentry,1
Missouri,Greene,368
Missouri,Grundy,1
Missouri,Harrison,1
Missouri,Henry,5
Missouri,Hickory,2
Missouri,Holt,1
Missouri,Howard,2
Missouri,Howell,10
Missouri,Iron,2
Missouri,Jackson,1339
Missouri,Jasper,140
Missouri,Jefferson,62
Missouri,Johnson,10
Missouri,Knox,1
Missouri,Laclede,10
Missouri,Lafayette,4
Missouri,Lawrence,14
Missouri,Lewis,2
Missouri,Lincoln,25
Missouri,Linn,1
Missouri,Livingston,3
Missouri,Macon,3
Missouri,Madison,2
Missouri,Maries,6
Missouri,Marion,16
Missouri,McDonald,7
Missouri,Mcdonald,4
Missouri,Miller,4
Missouri,Mississippi,20
Missouri,Mississippi County,1
Missouri,Moniteau,9
Missouri,Monroe,4
Missouri,Montgomery,4
Missouri,Morgan,3
Missouri,New Madrid,5
Missouri,Newton,16
Missouri,Nodaway,1
Missouri,North,1
Missouri,Oregon,4
Missouri,Osage,3
Missouri,Ozark,3
Missouri,Pemiscot,12
Missouri,Perry,9
Missouri,Pettis,15
Missouri,Phelps,14
Missouri,Pike,8
Missouri,Platte,9
Missouri,Polk,5
Missouri,Pulaski,12
Missouri,Randolph,17
Missouri,Ray,1
Missouri,Reynolds,2
Missouri,Ripley,6
Missouri,Saint Charles,5
Missouri,Saint Louis,19
Missouri,Saline,7
Missouri,Scott,52
Missouri,Shannon,2
Missouri,Shelby,1
Missouri,South,1
Missouri,St. Charles,52
Missouri,St. Clair,1
Missouri,St. Francois,13
Missouri,St. Louis,238
Missouri,St. Louis ,2493
Missouri,St. Louis (city),186
Missouri,Ste. Genevieve,1
Missouri,Stoddard,3
Missouri,Stone,6
Missouri,Sullivan,1
Missouri,Taney,16
Missouri,Texas,9
Missouri,Vernon,15
Missouri,Warren,8
Missouri,Washington,7
Missouri,Wayne,5
Missouri,Webster,8
Missouri,Williamsburg,3
Missouri,Wright,1
Montana,Beaverhead,5
Montana,Big Horn,7
Montana,Blaine,1
Montana,Broadwater,3
Montana,Carbon,3
Montana,Carter,1
Montana,Cascade,51
Montana,Custer,2
Montana,Dawson,1
Montana,Deer Lodge,5
Montana,Fergus,1
Montana,Flathead,57
Montana,Gallatin,39
Montana,Glacier,2
Montana,Hill,2
Montana,Jefferson,5
Montana,Lake,12
Montana,Lewis And Clark,3
Montana,Lewis and Clark,62
Montana,Liberty,1
Montana,Lincoln,9
Montana,Madison,4
Montana,Meagher,1
Montana,Mineral,3
Montana,Missoula,71
Montana,Musselshell,4
Montana,Park,6
Montana,Phillips,1
Montana,Powell,3
Montana,Ravalli,25
Montana,Richland,3
Montana,Roosevelt,2
Montana,Rosebud,2
Montana,Sanders,4
Montana,Sheridan,2
Montana,Silver Bow,73
Montana,Stillwater,2
Montana,Toole,1
Montana,Valley,3
Montana,Yellowstone,153
Nebraska,Adams,8
Nebraska,Antelope,2
Nebraska,Boyd,2
Nebraska,Buffalo,19
Nebraska,Burt,2
Nebraska,Butler,1
Nebraska,Cass,8
Nebraska,Chase,2
Nebraska,Cheyenne,2
Nebraska,Colfax,3
Nebraska,Custer,1
Nebraska,Dakota,7
Nebraska,Dawes,2
Nebraska,Dawson,5
Nebraska,Deuel,1
Nebraska,Dixon,2
Nebraska,Dodge,10
Nebraska,Douglas,933
Nebraska,Fillmore,1
Nebraska,Furnas,2
Nebraska,Gage,8
Nebraska,Garfield,1
Nebraska,Gosper,1
Nebraska,Hall,17
Nebraska,Hamilton,1
Nebraska,Harlan,1
Nebraska,Hitchcock,2
Nebraska,Jefferson,1
Nebraska,Keith,3
Nebraska,Knox,2
Nebraska,Lancaster,474
Nebraska,Lincoln,21
Nebraska,Madison,9
Nebraska,Merrick,2
Nebraska,Morrill,1
Nebraska,Nance,1
Nebraska,Nemaha,1
Nebraska,Otoe,2
Nebraska,Phelps,1
Nebraska,Pierce,1
Nebraska,Platte,17
Nebraska,Red Willow,1
Nebraska,Richardson,2
Nebraska,Saline,1
Nebraska,Sarpy,24
Nebraska,Saunders,5
Nebraska,Scotts Bluff,12
Nebraska,Seward,3
Nebraska,Sherman,1
Nebraska,Stanton,1
Nebraska,Washington,9
Nebraska,York,8
Nevada,Carson,1
Nevada,Carson City ,28
Nevada,Churchill,2
Nevada,Clark,1482
Nevada,Douglas,7
Nevada,Elko,32
Nevada,Humboldt,2
Nevada,Lander,1
Nevada,Lincoln,1
Nevada,Lyon,23
Nevada,Mineral,1
Nevada,Nye,25
Nevada,Pershing,2
Nevada,Storey,3
Nevada,Washoe,332
Nevada,White Pine,3
Nevada,Yavapai,1
New Hampshire,Atkinson,2
New Hampshire,Bath,1
New Hampshire,Bedford,5
New Hampshire,Belknap,35
New Hampshire,Carroll,14
New Hampshire,Cheshire,35
New Hampshire,Chesterfield,2
New Hampshire,Coos,10
New Hampshire,Effingham,1
New Hampshire,Fremont,3
New Hampshire,Grafton,23
New Hampshire,Hillsborough,347
New Hampshire,Lee,3
New Hampshire,Litchfield,1
New Hampshire,Mason,1
New Hampshire,Merrimack,73
New Hampshire,Newton,2
New Hampshire,Northumberland,1
New Hampshire,Rockingham,120
New Hampshire,Salem,16
New Hampshire,Stoddard,1
New Hampshire,Strafford,132
New Hampshire,Sullivan,11
New Hampshire,Windham,3
New Jersey,Atlantic,376
New Jersey,Bergen,123
New Jersey,Burlington,182
New Jersey,Camden,341
New Jersey,Cape May,28
New Jersey,Clark,1
New Jersey,Cumberland,255
New Jersey,Essex,769
New Jersey,Fairfield,2
New Jersey,Gloucester,71
New Jersey,Greenville,2
New Jersey,Hillsborough,1
New Jersey,Howell,10
New Jersey,Hudson,704
New Jersey,Hunterdon,10
New Jersey,Jackson,8
New Jersey,Lawrence,1
New Jersey,Livingston,1
New Jersey,Mercer,777
New Jersey,Middlesex,92
New Jersey,Monmouth,106
New Jersey,Montague,1
New Jersey,Morris,43
New Jersey,Ocean,61
New Jersey,Orange,35
New Jersey,Passaic,624
New Jersey,Randolph,3
New Jersey,Salem,51
New Jersey,Somerset,38
New Jersey,Southampton,1
New Jersey,Stafford,2
New Jersey,Sussex,26
New Jersey,Union,223
New Jersey,Warren,12
New Jersey,Wayne,3
New Mexico,Bernalillo,766
New Mexico,Chaves,95
New Mexico,Cibola,9
New Mexico,Colfax,5
New Mexico,Curry,36
New Mexico,De Baca,1
New Mexico,Dona Ana,4
New Mexico,Doña Ana,108
New Mexico,Eddy,94
New Mexico,Grant,15
New Mexico,Guadalupe,1
New Mexico,Hidalgo,2
New Mexico,Lea,29
New Mexico,Lincoln,11
New Mexico,Los Alamos,5
New Mexico,Luna,5
New Mexico,McKinley,8
New Mexico,Mckinley,4
New Mexico,Mora,1
New Mexico,Otero,15
New Mexico,Quay,5
New Mexico,Rio Arriba,22
New Mexico,Roosevelt,34
New Mexico,San Juan,66
New Mexico,San Miguel,11
New Mexico,Sandoval,36
New Mexico,Santa Fe,150
New Mexico,Sierra,2
New Mexico,Socorro,4
New Mexico,Taos,52
New Mexico,Torrance,5
New Mexico,Valencia,29
New York,Albany,240
New York,Allegany,12
New York,Amherst,7
New York,Bethel,1
New York,Bronx,845
New York,Broome,92
New York,Cambria,1
New York,Cameron,1
New York,Carlisle,1
New York,Carlton,1
New York,Cattaraugus,25
New York,Cayuga,22
New York,Chautauqua,111
New York,Chemung,72
New York,Chenango,10
New York,Clay,6
New York,Clinton,12
New York,Columbia,16
New York,Cortland,10
New York,Delaware,4
New York,Dickinson,1
New York,Dutchess,174
New York,Erie,1038
New York,Essex,7
New York,Evans,1
New York,Fayette,1
New York,Franklin,4
New York,Fulton,11
New York,Gates,4
New York,Genesee,19
New York,Greene,15
New York,Harford,1
New York,Herkimer,8
New York,Hillsdale,2
New York,Hinsdale,1
New York,Huron,1
New York,Jasper,1
New York,Jefferson,36
New York,Kendall,1
New York,Kent,1
New York,Kings,1397
New York,Knox,1
New York,Lewis,4
New York,Livingston,20
New York,Madison,9
New York,Monroe,770
New York,Montgomery,10
New York,Nassau,282
New York,New York,522
New York,Niagara,261
New York,Oneida,216
New York,Onondaga,672
New York,Ontario,35
New York,Orange,185
New York,Orleans,13
New York,Oswego,19
New York,Otsego,20
New York,Plymouth,2
New York,Porter,1
New York,Preble,1
New York,Putnam,10
New York,Queens,130
New York,Rensselaer,107
New York,Richmond,411
New York,Rockland,47
New York,Rush,1
New York,Russell,3
New York,Saratoga,25
New York,Schenectady,124
New York,Schoharie,4
New York,Schuyler,3
New York,Seneca,12
New York,St. Lawrence,42
New York,Stafford,3
New York,Stanley,1
New York,Sterling,1
New York,Steuben,19
New York,Suffolk,367
New York,Sullivan,42
New York,Summit,1
New York,Tioga,7
New York,Tompkins,45
New York,Ullster,1
New York,Ulster,125
New York,Warren,18
New York,Washington,27
New York,Wayne,17
New York,Westchester,164
New York,Wyoming,15
New York,Yates,6
New York,York,4
North Carolina,Alamance,213
North Carolina,Alexander,14
North Carolina,Alleghany,2
North Carolina,Anderson,1
North Carolina,Anson,16
North Carolina,Ashe,2
North Carolina,Avery,3
North Carolina,Beaufort,30
North Carolina,Bertie,14
North Carolina,Bladen,52
North Carolina,Brunswick,59
North Carolina,Buncombe,165
North Carolina,Burke,33
North Carolina,Burke County,1
North Carolina,Cabarrus,91
North Carolina,Caldwell,25
North Carolina,Camden,5
North Carolina,Candler,10
North Carolina,Carteret,17
North Carolina,Caswell,8
North Carolina,Catawba,83
North Carolina,Charleston,2
North Carolina,Chatham,13
North Carolina,Cherokee,4
North Carolina,Chowan,10
North Carolina,Clarendon,3
North Carolina,Cleveland,69
North Carolina,Colfax,1
North Carolina,Columbus,110
North Carolina,Craven,116
North Carolina,Cumberland,442
North Carolina,Currituck,3
North Carolina,Dare,8
North Carolina,Davidson,91
North Carolina,Davie,5
North Carolina,Duplin,22
North Carolina,Durham,519
North Carolina,Edgecombe,31
North Carolina,Forsyth,142
North Carolina,Franklin,14
North Carolina,Gaston,149
North Carolina,Gates,1
North Carolina,Graham,1
North Carolina,Granville,14
North Carolina,Greene,8
North Carolina,Guilford,661
North Carolina,Halifax,92
North Carolina,Harnett,29
North Carolina,Haywood,22
North Carolina,Henderson,53
North Carolina,Hertford,7
North Carolina,Hoke,29
North Carolina,Hyde,2
North Carolina,Iredell,101
North Carolina,Jackson,4
North Carolina,Johnston,41
North Carolina,Jones,6
North Carolina,Lee,61
North Carolina,Lenoir,193
North Carolina,Lincoln,31
North Carolina,Macon,12
North Carolina,Madison,6
North Carolina,Martin,17
North Carolina,McDowell,39
North Carolina,Mcdowell,5
North Carolina,Mecklenburg,1338
North Carolina,Mitchell,2
North Carolina,Montgomery,7
North Carolina,Moore,54
North Carolina,Nash,150
North Carolina,New Hanover,470
North Carolina,Northampton,15
North Carolina,Onslow,104
North Carolina,Orange,49
North Carolina,Pamlico,13
North Carolina,Pasquotank,62
North Carolina,Pender,20
North Carolina,Pendleton,1
North Carolina,Perquimans,6
North Carolina,Person,11
North Carolina,Pitt,369
North Carolina,Polk,6
North Carolina,Racine,1
North Carolina,Randolph,66
North Carolina,Richland,1
North Carolina,Richmond,10
North Carolina,Robeson,197
North Carolina,Rockingham,81
North Carolina,Rowan,222
North Carolina,Rutherford,25
North Carolina,Sampson,30
North Carolina,Scotland,47
North Carolina,Stanly,35
North Carolina,Stokes,11
North Carolina,Surry,26
North Carolina,Swain,4
North Carolina,Transylvania,7
North Carolina,Tyrrell,7
North Carolina,Union,47
North Carolina,Vance,41
North Carolina,Vilas,2
North Carolina,Wake,462
North Carolina,Warren,6
North Carolina,Washington,15
North Carolina,Watauga,16
North Carolina,Wayne,261
North Carolina,Wilkes,9
North Carolina,Wilson,24
North Carolina,Yadkin,7
North Carolina,Yancey,5
North Dakota,Barnes,9
North Dakota,Benson,2
North Dakota,Billings,1
North Dakota,Bottineau,1
North Dakota,Bowman,1
North Dakota,Burke,1
North Dakota,Burleigh,97
North Dakota,Cass,109
North Dakota,Divide,2
North Dakota,Dunn,1
North Dakota,Eddy,1
North Dakota,Golden Valley,1
North Dakota,Grand Forks,36
North Dakota,Hettinger,1
North Dakota,LaMoure,1
North Dakota,McKenzie,14
North Dakota,McLean,4
North Dakota,Mckenzie,2
North Dakota,Mclean,1
North Dakota,Mercer,3
North Dakota,Morton,34
North Dakota,Mountrail,4
North Dakota,Pembina,3
North Dakota,Ramsey,7
North Dakota,Ransom,2
North Dakota,Renville,1
North Dakota,Richland,6
North Dakota,Rolette,6
North Dakota,Sargent,2
North Dakota,Sioux,1
North Dakota,Stark,51
North Dakota,Steele,1
North Dakota,Stutsman,8
North Dakota,Walsh,1
North Dakota,Ward,94
North Dakota,Wells,1
North Dakota,Williams,60
Ohio,Adams,2
Ohio,Allen,34
Ohio,Ashland,5
Ohio,Ashtabula,80
Ohio,Athens,11
Ohio,Auglaize,4
Ohio,Bath,2
Ohio,Belmont,20
Ohio,Brown,9
Ohio,Butler,226
Ohio,Carroll,2
Ohio,Champaign,7
Ohio,Clark,203
Ohio,Clermont,22
Ohio,Clinton,3
Ohio,Columbiana,16
Ohio,Coshocton,8
Ohio,Crawford,2
Ohio,Cuyahoga,2102
Ohio,Darke,13
Ohio,Defiance,8
Ohio,Delaware,14
Ohio,Erie,78
Ohio,Fairfield,72
Ohio,Fayette,2
Ohio,Franklin,1383
Ohio,Fulton,11
Ohio,Gallia,9
Ohio,Geauga,4
Ohio,Greene,71
Ohio,Guernsey,23
Ohio,Hamilton,1401
Ohio,Hancock,17
Ohio,Hardin,1
Ohio,Harrison,2
Ohio,Henry,1
Ohio,Highland,6
Ohio,Hocking,7
Ohio,Holmes,1
Ohio,Houston,1
Ohio,Huron,8
Ohio,Jackson,8
Ohio,Jefferson,26
Ohio,Knox,9
Ohio,Lake,51
Ohio,Lawrence,13
Ohio,Liberty,1
Ohio,Licking,48
Ohio,Logan,8
Ohio,Lorain,259
Ohio,Lucas,831
Ohio,Madison,5
Ohio,Mahoning,347
Ohio,Marion,29
Ohio,Medina,24
Ohio,Meigs,7
Ohio,Mercer,13
Ohio,Miami,47
Ohio,Monroe,1
Ohio,Montgomery,1219
Ohio,Morgan,3
Ohio,Morrow,3
Ohio,Muskingum,32
Ohio,Newton,1
Ohio,Ottawa,4
Ohio,Paulding,7
Ohio,Perry,8
Ohio,Pickaway,11
Ohio,Pike,6
Ohio,Portage,33
Ohio,Preble,15
Ohio,Putnam,2
Ohio,Randolph,1
Ohio,Richland,38
Ohio,Ross,38
Ohio,Sandusky,30
Ohio,Scioto,23
Ohio,Seneca,16
Ohio,Shelby,13
Ohio,Stark,292
Ohio,Sullivan,1
Ohio,Summit,436
Ohio,Trumbull,156
Ohio,Tuscarawas,15
Ohio,Union,4
Ohio,Van Wert,3
Ohio,Vinton,3
Ohio,Warren,39
Ohio,Washington,4
Ohio,Wayne,16
Ohio,Williams,3
Ohio,Wood,26
Ohio,Wyandot,3
Oklahoma,Adair,8
Oklahoma,Atoka,9
Oklahoma,Beckham,7
Oklahoma,Blaine,2
Oklahoma,Bryan,14
Oklahoma,Caddo,16
Oklahoma,Canadian,17
Oklahoma,Carter,49
Oklahoma,Cherokee,21
Oklahoma,Choctaw,8
Oklahoma,Cleveland,62
Oklahoma,Coal,3
Oklahoma,Comanche,129
Oklahoma,Cotton,4
Oklahoma,Craig,3
Oklahoma,Creek,27
Oklahoma,Custer,9
Oklahoma,Delaware,14
Oklahoma,Dewey,1
Oklahoma,Ellis,1
Oklahoma,Garfield,64
Oklahoma,Garvin,10
Oklahoma,Grady,39
Oklahoma,Grant,2
Oklahoma,Harmon,2
Oklahoma,Haskell,3
Oklahoma,Hughes,3
Oklahoma,Jackson,39
Oklahoma,Jefferson,3
Oklahoma,Johnston,6
Oklahoma,Kay,6
Oklahoma,Kingfisher,3
Oklahoma,Kiowa,3
Oklahoma,Le Flore,12
Oklahoma,Lincoln,10
Oklahoma,Logan,22
Oklahoma,Love,6
Oklahoma,Major,1
Oklahoma,Marshall,8
Oklahoma,Mayes,14
Oklahoma,McClain,16
Oklahoma,McCurtain,12
Oklahoma,McIntosh,9
Oklahoma,Mccurtain,1
Oklahoma,Mcintosh,1
Oklahoma,Murray,7
Oklahoma,Muskogee,73
Oklahoma,Noble,3
Oklahoma,Nowata,4
Oklahoma,Okfuskee,1
Oklahoma,Oklahoma,972
Oklahoma,Okmulgee,26
Oklahoma,Osage,17
Oklahoma,Ottawa,14
Oklahoma,Pawnee,3
Oklahoma,Payne,29
Oklahoma,Pittsburg,14
Oklahoma,Pontotoc,21
Oklahoma,Pottawatomie,25
Oklahoma,Pushmataha,3
Oklahoma,Roger Mills,1
Oklahoma,Rogers,49
Oklahoma,Seminole,8
Oklahoma,Sequoyah,18
Oklahoma,Stephens,11
Oklahoma,Swisher,1
Oklahoma,Texas,4
Oklahoma,Tillman,2
Oklahoma,Tulsa,1346
Oklahoma,Wagoner,23
Oklahoma,Washington,36
Oklahoma,Washita,5
Oklahoma,Woodward,5
Oregon,Baker,9
Oregon,Benton,26
Oregon,Clackamas,75
Oregon,Clatsop,8
Oregon,Columbia,18
Oregon,Coos,22
Oregon,Cowlitz,1
Oregon,Crook,8
Oregon,Curry,12
Oregon,Deschutes,40
Oregon,Douglas,34
Oregon,Grant,7
Oregon,Harney,3
Oregon,Hood River,8
Oregon,Jackson,222
Oregon,Jefferson,10
Oregon,Josephine,67
Oregon,Klamath,39
Oregon,Lake,1
Oregon,Lane,149
Oregon,Lincoln,12
Oregon,Linn,120
Oregon,Malheur,18
Oregon,Marion,172
Oregon,Morrow,3
Oregon,Multnomah,1011
Oregon,Polk,9
Oregon,Sherman,2
Oregon,Tillamook,3
Oregon,Umatilla,27
Oregon,Union,2
Oregon,Wasco,6
Oregon,Washington,103
Oregon,Yamhill,9
Pennsylvania,Adams,18
Pennsylvania,Allegheny,1356
Pennsylvania,Armstrong,15
Pennsylvania,Beaver,57
Pennsylvania,Bedford,12
Pennsylvania,Berks,93
Pennsylvania,Blair,41
Pennsylvania,Bradford,23
Pennsylvania,Bucks,68
Pennsylvania,Butler,29
Pennsylvania,Cambria,81
Pennsylvania,Cameron,1
Pennsylvania,Carbon,12
Pennsylvania,Centre,33
Pennsylvania,Chester,42
Pennsylvania,Clarion,1
Pennsylvania,Clearfield,11
Pennsylvania,Clinton,4
Pennsylvania,Columbia,25
Pennsylvania,Crawford,13
Pennsylvania,Cumberland,131
Pennsylvania,Dauphin,454
Pennsylvania,Delaware,292
Pennsylvania,Dubois,1
Pennsylvania,Elk,6
Pennsylvania,Elliott,1
Pennsylvania,Erie,195
Pennsylvania,Fayette,93
Pennsylvania,Forest,4
Pennsylvania,Franklin,62
Pennsylvania,Fulton,2
Pennsylvania,Garfield,2
Pennsylvania,Gilpin,1
Pennsylvania,Greene,11
Pennsylvania,Harford,1
Pennsylvania,Highland,1
Pennsylvania,Huntingdon,13
Pennsylvania,Indiana,35
Pennsylvania,Jackson,3
Pennsylvania,Jefferson,5
Pennsylvania,Juniata,2
Pennsylvania,Lackawanna,77
Pennsylvania,Lancaster,398
Pennsylvania,Lawrence,60
Pennsylvania,Lebanon,101
Pennsylvania,Lehigh,229
Pennsylvania,Luzerne,218
Pennsylvania,Lycoming,51
Pennsylvania,McKean,13
Pennsylvania,Mercer,30
Pennsylvania,Mifflin,4
Pennsylvania,Monroe,86
Pennsylvania,Montgomery,112
Pennsylvania,Montour,1
Pennsylvania,Northampton,179
Pennsylvania,Northumberland,30
Pennsylvania,Perry,19
Pennsylvania,Philadelphia,2920
Pennsylvania,Pike,11
Pennsylvania,Pittsburg,1
Pennsylvania,Pocono,1
Pennsylvania,Potter,2
Pennsylvania,Pulaski,2
Pennsylvania,Schuylkill,52
Pennsylvania,Snyder,7
Pennsylvania,Somerset,15
Pennsylvania,Sullivan,2
Pennsylvania,Susquehanna,9
Pennsylvania,Tioga,12
Pennsylvania,Union,2
Pennsylvania,Venango,7
Pennsylvania,Warren,9
Pennsylvania,Washington,94
Pennsylvania,Wayne,10
Pennsylvania,Westmoreland,140
Pennsylvania,White,1
Pennsylvania,Wyoming,6
Pennsylvania,York,347
Rhode Island,Bristol,1
Rhode Island,Foster,1
Rhode Island,Johnston,8
Rhode Island,Kent,38
Rhode Island,Lincoln,6
Rhode Island,Newport,13
Rhode Island,Providence,769
Rhode Island,Richmond,2
Rhode Island,Warren,2
Rhode Island,Washington,14
South Carolina,Abbeville,12
South Carolina,Aiken,421
South Carolina,Allendale,26
South Carolina,Anderson,266
South Carolina,Antreville,1
South Carolina,Bamberg,22
South Carolina,Barnwell,16
South Carolina,Beaufort,362
South Carolina,Berkeley,150
South Carolina,Calhoun,18
South Carolina,Charleston,734
South Carolina,Cherokee,53
South Carolina,Chester,45
South Carolina,Chesterfield,26
South Carolina,Clarendon,8
South Carolina,Colleton,79
South Carolina,Dale,1
South Carolina,Darlington,133
South Carolina,Dillon,53
South Carolina,Dorchester,169
South Carolina,Edgefield,8
South Carolina,Fairfield,11
South Carolina,Florence,206
South Carolina,Georgetown,49
South Carolina,Greenville,423
South Carolina,Greenwood,50
South Carolina,Habersham,1
South Carolina,Hampton,35
South Carolina,Horry,671
South Carolina,Jasper,75
South Carolina,Kershaw,52
South Carolina,Lancaster,82
South Carolina,Laurens,46
South Carolina,Lee,10
South Carolina,Lexington,152
South Carolina,Litchfield,1
South Carolina,Marion,58
South Carolina,Marlboro,48
South Carolina,Newberry,28
South Carolina,Oconee,37
South Carolina,Orangeburg,301
South Carolina,Pickens,62
South Carolina,Richland,680
South Carolina,Saluda,8
South Carolina,Spartanburg,335
South Carolina,Sumter,95
South Carolina,Union,53
South Carolina,Williamsburg,37
South Carolina,York,466
South Dakota,Beadle,3
South Dakota,Bennett,1
South Dakota,Black Hawk,3
South Dakota,Bon Homme,2
South Dakota,Brookings,8
South Dakota,Brown,31
South Dakota,Brule,1
South Dakota,Butte,2
South Dakota,Campbell,1
South Dakota,Charles Mix,8
South Dakota,Codington,6
South Dakota,Custer,3
South Dakota,Davison,12
South Dakota,Day,2
South Dakota,Dewey,6
South Dakota,Edmunds,1
South Dakota,Fall River,1
South Dakota,Gregory,3
South Dakota,Hamlin,1
South Dakota,Hughes,6
South Dakota,Lake,2
South Dakota,Lawrence,5
South Dakota,Lincoln,5
South Dakota,Lyman,3
South Dakota,Marshall,1
South Dakota,McCook,1
South Dakota,Meade,6
South Dakota,Mellette,1
South Dakota,Miner,1
South Dakota,Minnehaha,272
South Dakota,Oglala Lakota,14
South Dakota,Pennington,92
South Dakota,Perkins,1
South Dakota,Roberts,3
South Dakota,Sanborn,3
South Dakota,Spink,3
South Dakota,Todd,10
South Dakota,Tripp,2
South Dakota,Union,3
South Dakota,Walworth,1
South Dakota,Yankton,9
South Dakota,Ziebach,1
Tennessee,Anderson,46
Tennessee,Bedford,13
Tennessee,Benton,6
Tennessee,Bledsoe,3
Tennessee,Blount,55
Tennessee,Bradley,50
Tennessee,Buchanan,5
Tennessee,Butler,1
Tennessee,Campbell,9
Tennessee,Cannon,3
Tennessee,Carroll,6
Tennessee,Carter,27
Tennessee,Cheatham,8
Tennessee,Chester,8
Tennessee,Claiborne,2
Tennessee,Clay,3
Tennessee,Cocke,11
Tennessee,Coffee,16
Tennessee,Crockett,11
Tennessee,Cumberland,7
Tennessee,Davidson,1344
Tennessee,Decatur,2
Tennessee,Deer Lodge,1
Tennessee,Dekalb,1
Tennessee,Dickson,16
Tennessee,Dyer,46
Tennessee,Fayette,7
Tennessee,Fentress,1
Tennessee,Franklin,13
Tennessee,Fulton,1
Tennessee,Gibson,67
Tennessee,Giles,6
Tennessee,Grainger,6
Tennessee,Greene,67
Tennessee,Grundy,8
Tennessee,Hamblen,18
Tennessee,Hamilton,745
Tennessee,Hancock,1
Tennessee,Hardeman,22
Tennessee,Hardin,10
Tennessee,Hawkins,28
Tennessee,Haywood,47
Tennessee,Henderson,14
Tennessee,Henry,16
Tennessee,Hickman,9
Tennessee,Houston,1
Tennessee,Humphreys,5
Tennessee,Jefferson,10
Tennessee,Johnson,2
Tennessee,Knox,416
Tennessee,Lauderdale,5
Tennessee,Lawrence,12
Tennessee,Lewis,6
Tennessee,Lincoln,7
Tennessee,Loudon,11
Tennessee,Macon,3
Tennessee,Madison,430
Tennessee,Marion,9
Tennessee,Marshall,7
Tennessee,Maury,41
Tennessee,McMinn,41
Tennessee,McNairy,4
Tennessee,Mcminn,8
Tennessee,Mcnairy,2
Tennessee,Meigs,4
Tennessee,Monroe,7
Tennessee,Montgomery,183
Tennessee,Moore,1
Tennessee,Morgan,6
Tennessee,Obion,11
Tennessee,Overton,2
Tennessee,Perry,4
Tennessee,Pickett,1
Tennessee,Polk,4
Tennessee,Putnam,24
Tennessee,Raleigh,3
Tennessee,Rhea,6
Tennessee,Roane,24
Tennessee,Robertson,50
Tennessee,Rutherford,231
Tennessee,Scott,5
Tennessee,Sequatchie,6
Tennessee,Sevier,20
Tennessee,Shelby,2504
Tennessee,Smith,2
Tennessee,Stewart,3
Tennessee,Sullivan,109
Tennessee,Sumner,67
Tennessee,Tipton,20
Tennessee,Trousdale,1
Tennessee,Unicoi,6
Tennessee,Unicoi County,1
Tennessee,Union,6
Tennessee,Warren,1
Tennessee,Washington,123
Tennessee,Wayne,6
Tennessee,Weakley,19
Tennessee,White,6
Tennessee,Whiteside,1
Tennessee,Williamson,34
Tennessee,Wilson,70
Texas,Anderson,30
Texas,Andrews,5
Texas,Angelina,83
Texas,Aransas,5
Texas,Armstrong,1
Texas,Atascosa,21
Texas,Austin,3
Texas,Bailey,1
Texas,Bandera,7
Texas,Bastrop,19
Texas,Bee,7
Texas,Bell,397
Texas,Bexar,1715
Texas,Blanco,1
Texas,Bosque,1
Texas,Bowie,68
Texas,Brazoria,83
Texas,Brazos,143
Texas,Brewster,6
Texas,Brooks,1
Texas,Brown,15
Texas,Burleson,3
Texas,Burnet,20
Texas,Caldwell,7
Texas,Callahan,6
Texas,Cameron,56
Texas,Camp,5
Texas,Carson,2
Texas,Cass,9
Texas,Castro,2
Texas,Chambers,8
Texas,Cherokee,15
Texas,Childress,4
Texas,Clay,3
Texas,Cochran,1
Texas,Coleman,1
Texas,Collin,57
Texas,Comal,35
Texas,Concho,1
Texas,Cooke,7
Texas,Coryell,51
Texas,Cottle,1
Texas,Crosby,4
Texas,Culberson,1
Texas,Dallam,3
Texas,Dallas,1472
Texas,Dawson,5
Texas,DeWitt,3
Texas,Deaf Smith,1
Texas,Denton,77
Texas,Dewitt,1
Texas,Dimmit,3
Texas,Duval,5
Texas,Eastland,3
Texas,Ector,103
Texas,Edwards,2
Texas,El Paso,237
Texas,Ellis,23
Texas,Erath,5
Texas,Falls,4
Texas,Fannin,7
Texas,Fayette,3
Texas,Foard,1
Texas,Fort Bend,112
Texas,Franklin,1
Texas,Freestone,5
Texas,Frio,3
Texas,Gaines,7
Texas,Galveston,154
Texas,Garza,2
Texas,Gillespie,2
Texas,Goliad,2
Texas,Gray,14
Texas,Grayson,20
Texas,Greenwood,1
Texas,Gregg,193
Texas,Grimes,13
Texas,Guadalupe,28
Texas,Hale,8
Texas,Hamilton,3
Texas,Hardeman,1
Texas,Hardin,12
Texas,Harris,3109
Texas,Harrison,59
Texas,Haskell,1
Texas,Hays,50
Texas,Henderson,23
Texas,Hidalgo,78
Texas,Hill,12
Texas,Hockley,11
Texas,Hood,4
Texas,Hopkins,10
Texas,Houston,12
Texas,Howard,16
Texas,Hudspeth,2
Texas,Hunt,14
Texas,Hutchinson,13
Texas,Io,1
Texas,Jack,2
Texas,Jackson,2
Texas,Jasper,7
Texas,Jefferson,198
Texas,Jim Hogg,3
Texas,Jim Wells,19
Texas,Johnson,18
Texas,Jones,6
Texas,Kaufman,41
Texas,Kendall,5
Texas,Kenedy,1
Texas,Kerr,7
Texas,Kimble,1
Texas,Kleberg,2
Texas,La Salle,1
Texas,Lamar,86
Texas,Lamb,5
Texas,Lampasas,7
Texas,Larue,1
Texas,Lavaca,1
Texas,Lee,2
Texas,Leon,4
Texas,Liberty,30
Texas,Limestone,2
Texas,Lipscomb,1
Texas,Live Oak,4
Texas,Llano,4
Texas,Lubbock,320
Texas,Lynn,4
Texas,Madison,6
Texas,Marion,8
Texas,Martin,5
Texas,Mason,1
Texas,Matagorda,8
Texas,Maverick,2
Texas,McCulloch,1
Texas,McLennan,118
Texas,Mclennan,2
Texas,Medina,9
Texas,Midland,51
Texas,Milam,8
Texas,Montague,4
Texas,Montgomery,103
Texas,Moore,2
Texas,Morris,5
Texas,Nacogdoches,32
Texas,Navarro,8
Texas,Newton,3
Texas,Nolan,6
Texas,Nueces,595
Texas,Ochiltree,1
Texas,Oldham,1
Texas,Orange,25
Texas,Palo Pinto,4
Texas,Panola,11
Texas,Parker,23
Texas,Parmer,2
Texas,Pecos,3
Texas,Polk,7
Texas,Porter,9
Texas,Potter,318
Texas,Presidio,1
Texas,Rains,4
Texas,Randall,7
Texas,Real,1
Texas,Red River,1
Texas,Refugio,1
Texas,Robertson,8
Texas,Rockwall,11
Texas,Runnels,2
Texas,Rusk,16
Texas,San Jacinto,8
Texas,San Patricio,32
Texas,San Saba,1
Texas,Schleicher,1
Texas,Scurry,2
Texas,Shelby,7
Texas,Sherman,1
Texas,Smith,159
Texas,Smith County,1
Texas,Somervell,1
Texas,Starr,13
Texas,Stephens,1
Texas,Sutton,1
Texas,Swisher,2
Texas,Tarrant,812
Texas,Taylor,139
Texas,Terrell,2
Texas,Terry,3
Texas,Titus,9
Texas,Tom Green,77
Texas,Travis,573
Texas,Trinity,8
Texas,Tulsa,2
Texas,Tyler,5
Texas,Upshur,9
Texas,Uvalde,3
Texas,Val Verde,25
Texas,Van Zandt,15
Texas,Victoria,10
Texas,Walker,36
Texas,Waller,5
Texas,Washington,6
Texas,Webb,166
Texas,Wharton,1
Texas,Wheeler,2
Texas,Wichita,95
Texas,Wilbarger,2
Texas,Willacy,3
Texas,Williamson,93
Texas,Wilson,9
Texas,Winkler,3
Texas,Wise,8
Texas,Wood,12
Texas,Young,3
Utah,Beaver,3
Utah,Box Elder,3
Utah,Cache,38
Utah,Carbon,5
Utah,Davis,37
Utah,Duchesne,12
Utah,Emery,3
Utah,Garfield,1
Utah,Grand,4
Utah,Iron,16
Utah,Kane,3
Utah,Millard,3
Utah,Morgan,2
Utah,Rich,2
Utah,Salt Lake,640
Utah,San Juan,5
Utah,Sanpete,4
Utah,Sevier,9
Utah,Summit,5
Utah,Tooele,12
Utah,Uintah,20
Utah,Utah,91
Utah,Wasatch,5
Utah,Washington,36
Utah,Wayne,1
Utah,Weber,80
Vermont,Addison,32
Vermont,Bennington,27
Vermont,Caledonia,13
Vermont,Charlotte,1
Vermont,Chittenden,79
Vermont,Essex,4
Vermont,Franklin,24
Vermont,Goshen,1
Vermont,Grafton,1
Vermont,Grand Isle,1
Vermont,Guilford,2
Vermont,Hancock,1
Vermont,Hartford,1
Vermont,Huntington,1
Vermont,Lamoille,6
Vermont,Montgomery,3
Vermont,New Haven,3
Vermont,Orange,13
Vermont,Orleans,12
Vermont,Rutland,40
Vermont,Vernon,3
Vermont,Washington,60
Vermont,Windham,29
Vermont,Windsor,23
Virginia,Accomack,22
Virginia,Albemarle,4
Virginia,Alexandria ,84
Virginia,Alexandria (city),4
Virginia,Amelia,6
Virginia,Amherst,19
Virginia,Appomattox,5
Virginia,Arlington,63
Virginia,Augusta,16
Virginia,Bath,2
Virginia,Bedford,23
Virginia,Botetourt,9
Virginia,Bristol ,14
Virginia,Brunswick,1
Virginia,Buchanan,9
Virginia,Buckingham,2
Virginia,Buena Vista ,1
Virginia,Callaway,1
Virginia,Campbell,15
Virginia,Caroline,10
Virginia,Carroll,13
Virginia,Cascade,1
Virginia,Charlotte,2
Virginia,Charlottesville ,76
Virginia,Chesapeake ,137
Virginia,Chesterfield,148
Virginia,Colonial Heights ,17
Virginia,Covington ,7
Virginia,Culpeper,14
Virginia,Cumberland,1
Virginia,Danville ,151
Virginia,Dickenson,3
Virginia,Dinwiddie,15
Virginia,Emporia ,7
Virginia,Essex,1
Virginia,Fairfax,57
Virginia,Fairfax ,12
Virginia,Falls Church ,22
Virginia,Falls Church (city),1
Virginia,Fauquier,12
Virginia,Floyd,2
Virginia,Fluvanna,6
Virginia,Franklin,16
Virginia,Franklin ,15
Virginia,Frederick,3
Virginia,Fredericksburg ,45
Virginia,Fredericksburg (city),1
Virginia,Galax ,2
Virginia,Giles,6
Virginia,Gloucester,7
Virginia,Goochland,3
Virginia,Grafton,1
Virginia,Grayson,4
Virginia,Greene,5
Virginia,Greensville,2
Virginia,Halifax,15
Virginia,Hampton ,359
Virginia,Hampton (city),1
Virginia,Hanover,18
Virginia,Hardy,3
Virginia,Harrisonburg ,13
Virginia,Harrisonburg (city),1
Virginia,Hayes,3
Virginia,Henrico,199
Virginia,Henry,29
Virginia,Hopewell,1
Virginia,Hopewell ,54
Virginia,Isle Of Wight,2
Virginia,Isle of Wight,7
Virginia,James City,8
Virginia,King And Queen,1
Virginia,King George,9
Virginia,King William,1
Virginia,Lee,4
Virginia,Lexington ,2
Virginia,Loudoun,45
Virginia,Louisa,15
Virginia,Lunenburg,5
Virginia,Lynchburg ,100
Virginia,Madison,1
Virginia,Manassas ,43
Virginia,Manassas (city),1
Virginia,Manassas Park ,1
Virginia,Martinsville ,29
Virginia,Mathews,1
Virginia,Middlesex,3
Virginia,Montgomery,18
Virginia,Nelson,7
Virginia,New Kent,3
Virginia,Newport,2
Virginia,Newport News ,536
Virginia,Norfolk ,621
Virginia,Northampton,4
Virginia,Norton ,3
Virginia,Nottoway,5
Virginia,Orange,5
Virginia,Page,2
Virginia,Patrick,3
Virginia,Petersburg ,129
Virginia,Pittsylvania,9
Virginia,Portsmouth ,270
Virginia,Powhatan,5
Virginia,Prince Edward,7
Virginia,Prince George,14
Virginia,Prince William,148
Virginia,Pulaski,12
Virginia,Radford ,8
Virginia,Richmond,1
Virginia,Richmond ,994
Virginia,Richmond (city),7
Virginia,Ringgold,3
Virginia,Roanoke,11
Virginia,Roanoke ,227
Virginia,Roanoke (city),6
Virginia,Rockbridge,3
Virginia,Rockingham,6
Virginia,Russell,11
Virginia,Salem ,7
Virginia,Scott,5
Virginia,Shenandoah,3
Virginia,Smyth,12
Virginia,Southampton,2
Virginia,Spotsylvania,19
Virginia,Stafford,50
Virginia,Staunton ,14
Virginia,Suffolk ,78
Virginia,Surry,3
Virginia,Sussex,5
Virginia,Tazewell,9
Virginia,Virginia Beach ,287
Virginia,Warren,1
Virginia,Washington,25
Virginia,Waynesboro ,27
Virginia,Westmoreland,2
Virginia,Williamsburg ,30
Virginia,Winchester ,10
Virginia,Wise,15
Virginia,Woodford,2
Virginia,Wythe,13
Virginia,York,26
Washington,Adams,5
Washington,Asotin,5
Washington,Beaver,1
Washington,Benton,84
Washington,Chelan,9
Washington,Clallam,20
Washington,Clark,228
Washington,Cowlitz,49
Washington,Douglas,5
Washington,Elk,1
Washington,Ferry,1
Washington,Franklin,52
Washington,Grant,70
Washington,Grays Harbor,12
Washington,Island,8
Washington,Jefferson,6
Washington,King,1201
Washington,Kitsap,43
Washington,Kittitas,6
Washington,Klickitat,2
Washington,Lewis,34
Washington,Lincoln,1
Washington,Mason,22
Washington,Okanogan,9
Washington,Pacific,1
Washington,Pend Oreille,2
Washington,Pierce,454
Washington,San Juan,2
Washington,Skagit,25
Washington,Skamania,2
Washington,Snohomish,249
Washington,Spokane,445
Washington,Stevens,8
Washington,Thurston,69
Washington,Walla Walla,14
Washington,Whatcom,52
Washington,Whitman,19
Washington,Yakima,185
West Virginia,Barbour,7
West Virginia,Berkeley,31
West Virginia,Boone,7
West Virginia,Braxton,6
West Virginia,Brooke,5
West Virginia,Cabell,225
West Virginia,Clay,5
West Virginia,Doddridge,2
West Virginia,Fayette,47
West Virginia,Gilmer,2
West Virginia,Grant,1
West Virginia,Greenbrier,23
West Virginia,Hampshire,2
West Virginia,Hancock,8
West Virginia,Hanover,1
West Virginia,Hansford,2
West Virginia,Hardy,1
West Virginia,Harrison,64
West Virginia,Hartford,1
West Virginia,Jackson,6
West Virginia,Jefferson,9
West Virginia,Josephine,2
West Virginia,Kanawha,429
West Virginia,Lewis,8
West Virginia,Liberty,1
West Virginia,Lincoln,9
West Virginia,Logan,26
West Virginia,Marion,44
West Virginia,Marshall,6
West Virginia,Mason,10
West Virginia,McDowell,13
West Virginia,Mcdowell,2
West Virginia,Mercer,80
West Virginia,Miami,1
West Virginia,Mineral,5
West Virginia,Mingo,8
West Virginia,Monongalia,70
West Virginia,Monroe,3
West Virginia,Morgan,1
West Virginia,Nicholas,6
West Virginia,Ohio,38
West Virginia,Pendleton,3
West Virginia,Pleasants,1
West Virginia,Pocahontas,3
West Virginia,Preston,15
West Virginia,Putnam,24
West Virginia,Raleigh,94
West Virginia,Randolph,26
West Virginia,Ritchie,2
West Virginia,Roane,8
West Virginia,Rock,3
West Virginia,Summers,6
West Virginia,Taylor,12
West Virginia,Terry,1
West Virginia,Tyler,4
West Virginia,Upshur,4
West Virginia,Walker,1
West Virginia,Wayne,10
West Virginia,Webster,5
West Virginia,Wetzel,2
West Virginia,Wharton,1
West Virginia,Wilkinson,1
West Virginia,Wood,30
West Virginia,Wyoming,7
Wisconsin,Adams,3
Wisconsin,Ashland,4
Wisconsin,Barron,19
Wisconsin,Bayfield,2
Wisconsin,Brown,80
Wisconsin,Buffalo,3
Wisconsin,Burnett,4
Wisconsin,Calumet,2
Wisconsin,Campbell,1
Wisconsin,Chippewa,15
Wisconsin,Clark,5
Wisconsin,Columbia,23
Wisconsin,Crawford,2
Wisconsin,Dane,703
Wisconsin,Dodge,21
Wisconsin,Door,4
Wisconsin,Douglas,17
Wisconsin,Dunn,7
Wisconsin,Eaton,1
Wisconsin,Eau Claire,43
Wisconsin,Fairfield,1
Wisconsin,Florence,1
Wisconsin,Fond du Lac,10
Wisconsin,Forest,4
Wisconsin,Grant,12
Wisconsin,Green,13
Wisconsin,Green Lake,8
Wisconsin,Iowa,2
Wisconsin,Iron,1
Wisconsin,Jackson,6
Wisconsin,Jefferson,11
Wisconsin,Juneau,4
Wisconsin,Kenosha,62
Wisconsin,Kewaunee,1
Wisconsin,La Crosse,54
Wisconsin,Lafayette,3
Wisconsin,Langlade,3
Wisconsin,Lincoln,8
Wisconsin,Manitowoc,17
Wisconsin,Marathon,61
Wisconsin,Marinette,13
Wisconsin,Marquette,2
Wisconsin,Menominee,5
Wisconsin,Milwaukee,2615
Wisconsin,Monroe,11
Wisconsin,Morris,1
Wisconsin,Newton,1
Wisconsin,Oconto,3
Wisconsin,Oneida,6
Wisconsin,Outagamie,40
Wisconsin,Ozaukee,8
Wisconsin,Pierce,11
Wisconsin,Polk,4
Wisconsin,Portage,17
Wisconsin,Price,1
Wisconsin,Racine,230
Wisconsin,Richland,4
Wisconsin,Rock,145
Wisconsin,Rusk,4
Wisconsin,Rutland,1
Wisconsin,Saint Croix,2
Wisconsin,Salem,1
Wisconsin,Saratoga,5
Wisconsin,Sauk,21
Wisconsin,Sawyer,13
Wisconsin,Shawano,24
Wisconsin,Sheboygan,29
Wisconsin,St. Croix,10
Wisconsin,Taylor,4
Wisconsin,Trempealeau,6
Wisconsin,Union,1
Wisconsin,Vernon,6
Wisconsin,Vilas,2
Wisconsin,Walworth,15
Wisconsin,Washburn,3
Wisconsin,Washington,27
Wisconsin,Waukesha,59
Wisconsin,Waupaca,12
Wisconsin,Waushara,4
Wisconsin,Winnebago,59
Wisconsin,Wood,59
Wyoming,Albany,4
Wyoming,Big Horn,2
Wyoming,Campbell,13
Wyoming,Carbon,5
Wyoming,Converse,8
Wyoming,Crook,1
Wyoming,Fremont,16
Wyoming,Goshen,2
Wyoming,Laramie,68
Wyoming,Natrona,324
Wyoming,Niobrara,1
Wyoming,Park,15
Wyoming,Sheridan,8
Wyoming,Sublette,1
Wyoming,Sweetwater,3
Wyoming,Teton,17
Wyoming,Uinta,3
Wyoming,Washakie,3
