state_id,county_name,amount
AK,Aleutians East,4
AK,Aleutians West,1
AK,Anchorage,166
AK,Bethel,20
AK,Bristol Bay,4
AK,Denali,2
AK,Dillingham,4
AK,Fairbanks North Star,94
AK,Haines,4
AK,Hoonah-Angoon,7
AK,Juneau,24
AK,Kenai Peninsula,66
AK,Ketchikan Gateway,18
AK,Kodiak Island,11
AK,Kusilvak,5
AK,Lake and Peninsula,2
AK,Matanuska-Susitna,127
AK,Nome,13
AK,North Slope,3
AK,Northwest Arctic,10
AK,Petersburg Borough,8
AK,Prince of Wales-Hyder,13
AK,Sitka,8
AK,Skagway,1
AK,Southeast Fairbanks,14
AK,Valdez-Cordova,20
AK,Wrangell,7
AK,Yakutat,2
AK,Yukon-Koyukuk,5
AL,Autauga,19
AL,Baldwin,60
AL,Barbour,9
AL,Bibb,3
AL,Blount,15
AL,Bullock,3
AL,Butler,5
AL,Calhoun,49
AL,Chambers,13
AL,Cherokee,11
AL,Chilton,11
AL,Choctaw,6
AL,Clarke,15
AL,Clay,4
AL,Cleburne,6
AL,Coffee,19
AL,Colbert,14
AL,Conecuh,3
AL,Coosa,6
AL,Covington,23
AL,Crenshaw,10
AL,Cullman,24
AL,Dale,14
AL,Dallas,9
AL,DeKalb,27
AL,Elmore,30
AL,Escambia,16
AL,Etowah,23
AL,Fayette,4
AL,Franklin,12
AL,Geneva,9
AL,Greene,1
AL,Henry,7
AL,Houston,25
AL,Jackson,17
AL,Jefferson,106
AL,Lamar,3
AL,Lauderdale,25
AL,Lawrence,8
AL,Lee,23
AL,Limestone,33
AL,Lowndes,2
AL,Macon,4
AL,Madison,134
AL,Marengo,6
AL,Marion,20
AL,Marshall,34
AL,Mobile,80
AL,Monroe,7
AL,Montgomery,33
AL,Morgan,32
AL,Perry,4
AL,Pickens,4
AL,Pike,13
AL,Randolph,8
AL,Russell,17
AL,Shelby,52
AL,St. Clair,17
AL,Sumter,5
AL,Talladega,26
AL,Tallapoosa,11
AL,Tuscaloosa,26
AL,Walker,19
AL,Washington,7
AL,Wilcox,7
AL,Winston,6
AR,Arkansas,8
AR,Ashley,18
AR,Baxter,34
AR,Benton,2400
AR,Boone,32
AR,Bradley,5
AR,Carroll,24
AR,Chicot,5
AR,Clark,12
AR,Clay,14
AR,Cleburne,20
AR,Cleveland,7
AR,Columbia,17
AR,Conway,16
AR,Craighead,45
AR,Crawford,26
AR,Crittenden,13
AR,Cross,11
AR,Dallas,4
AR,Desha,6
AR,Drew,16
AR,Faulkner,42
AR,Franklin,14
AR,Fulton,10
AR,Garland,39
AR,Grant,14
AR,Greene,18
AR,Hempstead,13
AR,Hot Spring,20
AR,Howard,9
AR,Independence,29
AR,Izard,16
AR,Jackson,6
AR,Jefferson,18
AR,Johnson,17
AR,Lafayette,2
AR,Lawrence,13
AR,Lee,2
AR,Lincoln,4
AR,Little River,8
AR,Logan,9
AR,Lonoke,38
AR,Madison,14
AR,Marion,21
AR,Miller,26
AR,Mississippi,7
AR,Monroe,1
AR,Montgomery,5
AR,Nevada,3
AR,Newton,6
AR,Ouachita,17
AR,Perry,3
AR,Phillips,3
AR,Pike,12
AR,Poinsett,13
AR,Polk,19
AR,Pope,30
AR,Prairie,3
AR,Pulaski,92
AR,Randolph,18
AR,Saline,35
AR,Scott,7
AR,Searcy,1
AR,Sebastian,56
AR,Sevier,6
AR,Sharp,19
AR,St. Francis,6
AR,Stone,9
AR,Union,27
AR,Van Buren,11
AR,Washington,75
AR,White,54
AR,Woodruff,2
AR,Yell,12
AZ,Apache,21
AZ,Cochise,88
AZ,Coconino,66
AZ,Gila,45
AZ,Graham,25
AZ,Greenlee,6
AZ,La Paz,7
AZ,Maricopa,1008
AZ,Mohave,119
AZ,Navajo,40
AZ,Pima,245
AZ,Pinal,87
AZ,Santa Cruz,14
AZ,Yavapai,191
AZ,Yuma,35
CA,Alameda,28
CA,Amador,15
CA,Butte,49
CA,Calaveras,18
CA,Colusa,5
CA,Contra Costa,40
CA,Del Norte,3
CA,El Dorado,29
CA,Fresno,99
CA,Glenn,6
CA,Humboldt,33
CA,Imperial,3
CA,Inyo,6
CA,Kern,178
CA,Kings,15
CA,Lake,17
CA,Lassen,11
CA,Los Angeles,698
CA,Madera,16
CA,Marin,14
CA,Mariposa,6
CA,Mendocino,22
CA,Merced,24
CA,Modoc,4
CA,Mono,6
CA,Monterey,18
CA,Napa,29
CA,Nevada,24
CA,Orange,243
CA,Placer,61
CA,Plumas,9
CA,Riverside,186
CA,Sacramento,102
CA,San Benito,7
CA,San Bernardino,175
CA,San Diego,147
CA,San Francisco,4
CA,San Joaquin,47
CA,San Luis Obispo,51
CA,San Mateo,26
CA,Santa Barbara,53
CA,Santa Clara,77
CA,Santa Cruz,21
CA,Shasta,47
CA,Sierra,2
CA,Siskiyou,16
CA,Solano,40
CA,Sonoma,41
CA,Stanislaus,57
CA,Sutter,15
CA,Tehama,14
CA,Trinity,7
CA,Tulare,48
CA,Tuolumne,16
CA,Ventura,111
CA,Yolo,23
CA,Yuba,15
CO,Adams,169
CO,Alamosa,10
CO,Arapahoe,115
CO,Archuleta,10
CO,Baca,3
CO,Bent,2
CO,Boulder,81
CO,Broomfield,25
CO,Chaffee,13
CO,Cheyenne,6
CO,Clear Creek,4
CO,Conejos,11
CO,Costilla,4
CO,Crowley,3
CO,Custer,8
CO,Delta,33
CO,Denver,51
CO,Dolores,6
CO,Douglas,122
CO,Eagle,22
CO,El Paso,215
CO,Elbert,18
CO,Fremont,14
CO,Garfield,22
CO,Gilpin,4
CO,Grand,14
CO,Gunnison,13
CO,Hinsdale,4
CO,Huerfano,7
CO,Jackson,1
CO,Jefferson,137
CO,Kiowa,1
CO,Kit Carson,10
CO,La Plata,38
CO,Lake,1
CO,Larimer,106
CO,Las Animas,20
CO,Lincoln,8
CO,Logan,18
CO,Mesa,84
CO,Mineral,2
CO,Moffat,12
CO,Montezuma,28
CO,Montrose,35
CO,Morgan,20
CO,Otero,10
CO,Ouray,5
CO,Park,18
CO,Phillips,7
CO,Pitkin,5
CO,Prowers,9
CO,Pueblo,91
CO,Rio Blanco,11
CO,Rio Grande,10
CO,Routt,18
CO,Saguache,4
CO,San Juan,1
CO,San Miguel,1
CO,Sedgwick,1
CO,Summit,9
CO,Teller,25
CO,Washington,7
CO,Weld,117
CO,Yuma,14
CT,Fairfield,102
CT,Hartford,74
CT,Litchfield,50
CT,Middlesex,25
CT,New Haven,42
CT,New London,29
CT,Tolland,11
CT,Windham,6
DC,District of Columbia,7
DE,Kent,17
DE,New Castle,50
DE,Sussex,67
FL,Alachua,72
FL,Baker,8
FL,Bay,62
FL,Bradford,5
FL,Brevard,147
FL,Broward,216
FL,Calhoun,7
FL,Charlotte,25
FL,Citrus,53
FL,Clay,40
FL,Collier,51
FL,Columbia,18
FL,DeSoto,7
FL,Dixie,6
FL,Duval,139
FL,Escambia,63
FL,Flagler,17
FL,Franklin,3
FL,Gadsden,17
FL,Gilchrist,13
FL,Glades,1
FL,Gulf,9
FL,Hamilton,3
FL,Hardee,8
FL,Hendry,5
FL,Hernando,40
FL,Highlands,40
FL,Hillsborough,171
FL,Holmes,5
FL,Indian River,41
FL,Jackson,22
FL,Jefferson,5
FL,Lafayette,1
FL,Lake,80
FL,Lee,126
FL,Leon,65
FL,Levy,19
FL,Liberty,2
FL,Madison,3
FL,Manatee,58
FL,Marion,87
FL,Martin,42
FL,Miami-Dade,217
FL,Monroe,30
FL,Nassau,21
FL,Okaloosa,81
FL,Okeechobee,24
FL,Orange,169
FL,Osceola,39
FL,Palm Beach,175
FL,Pasco,93
FL,Pinellas,215
FL,Polk,106
FL,Putnam,15
FL,Santa Rosa,49
FL,Sarasota,97
FL,Seminole,73
FL,St. Johns,33
FL,St. Lucie,72
FL,Sumter,20
FL,Suwannee,18
FL,Taylor,12
FL,Volusia,101
FL,Wakulla,10
FL,Walton,7
FL,Washington,9
GA,Appling,13
GA,Atkinson,3
GA,Bacon,4
GA,Baldwin,11
GA,Banks,7
GA,Barrow,20
GA,Bartow,39
GA,Ben Hill,10
GA,Berrien,8
GA,Bibb,33
GA,Bleckley,9
GA,Brantley,5
GA,Brooks,6
GA,Bryan,14
GA,Bulloch,20
GA,Burke,2
GA,Butts,8
GA,Calhoun,1
GA,Camden,19
GA,Candler,8
GA,Carroll,37
GA,Catoosa,15
GA,Charlton,10
GA,Chatham,40
GA,Chattooga,9
GA,Cherokee,42
GA,Clarke,20
GA,Clay,1
GA,Clayton,15
GA,Clinch,3
GA,Cobb,110
GA,Coffee,14
GA,Colquitt,13
GA,Columbia,26
GA,Cook,4
GA,Coweta,35
GA,Crawford,3
GA,Crisp,3
GA,Dade,11
GA,Dawson,14
GA,DeKalb,26
GA,Decatur,9
GA,Dodge,6
GA,Dooly,4
GA,Dougherty,20
GA,Douglas,17
GA,Early,4
GA,Effingham,17
GA,Elbert,10
GA,Emanuel,10
GA,Evans,8
GA,Fannin,14
GA,Fayette,32
GA,Floyd,26
GA,Forsyth,31
GA,Franklin,5
GA,Fulton,78
GA,Gilmer,17
GA,Glynn,38
GA,Gordon,17
GA,Grady,10
GA,Greene,3
GA,Gwinnett,103
GA,Habersham,14
GA,Hall,35
GA,Hancock,1
GA,Haralson,13
GA,Harris,5
GA,Hart,15
GA,Heard,8
GA,Henry,12
GA,Houston,32
GA,Irwin,2
GA,Jackson,33
GA,Jasper,6
GA,Jeff Davis,8
GA,Jefferson,5
GA,Jenkins,2
GA,Johnson,3
GA,Jones,7
GA,Lamar,5
GA,Lanier,1
GA,Laurens,9
GA,Lee,10
GA,Liberty,14
GA,Lincoln,3
GA,Long,5
GA,Lowndes,17
GA,Lumpkin,15
GA,Macon,1
GA,Madison,20
GA,Marion,3
GA,McDuffie,7
GA,McIntosh,6
GA,Meriwether,14
GA,Miller,3
GA,Mitchell,7
GA,Monroe,10
GA,Montgomery,2
GA,Morgan,4
GA,Murray,13
GA,Muscogee,36
GA,Newton,19
GA,Oconee,16
GA,Oglethorpe,7
GA,Paulding,38
GA,Peach,6
GA,Pickens,14
GA,Pierce,10
GA,Pike,10
GA,Polk,11
GA,Pulaski,3
GA,Putnam,8
GA,Quitman,1
GA,Rabun,14
GA,Randolph,5
GA,Richmond,29
GA,Rockdale,16
GA,Schley,1
GA,Screven,4
GA,Seminole,6
GA,Spalding,11
GA,Stephens,18
GA,Stewart,7
GA,Sumter,11
GA,Talbot,2
GA,Tattnall,18
GA,Taylor,3
GA,Telfair,3
GA,Terrell,5
GA,Thomas,20
GA,Tift,16
GA,Toombs,16
GA,Towns,10
GA,Treutlen,4
GA,Troup,6
GA,Turner,2
GA,Union,13
GA,Upson,8
GA,Walker,18
GA,Walton,23
GA,Ware,19
GA,Warren,4
GA,Washington,8
GA,Wayne,17
GA,Webster,1
GA,Wheeler,1
GA,White,15
GA,Whitfield,22
GA,Wilcox,1
GA,Wilkes,4
GA,Wilkinson,2
GA,Worth,7
HI,Hawaii,13
HI,Honolulu,36
HI,Kauai,6
HI,Maui,9
IA,Adair,5
IA,Adams,6
IA,Allamakee,14
IA,Appanoose,12
IA,Audubon,2
IA,Benton,21
IA,Black Hawk,48
IA,Boone,19
IA,Bremer,14
IA,Buchanan,6
IA,Buena Vista,14
IA,Butler,14
IA,Calhoun,5
IA,Carroll,27
IA,Cass,9
IA,Cedar,9
IA,Cerro Gordo,21
IA,Cherokee,14
IA,Chickasaw,10
IA,Clarke,4
IA,Clay,18
IA,Clayton,12
IA,Clinton,8
IA,Crawford,5
IA,Dallas,26
IA,Davis,7
IA,Decatur,10
IA,Delaware,11
IA,Des Moines,25
IA,Dickinson,17
IA,Dubuque,49
IA,Emmet,7
IA,Fayette,9
IA,Floyd,10
IA,Franklin,3
IA,Fremont,10
IA,Greene,7
IA,Grundy,7
IA,Guthrie,9
IA,Hamilton,10
IA,Hancock,7
IA,Hardin,16
IA,Harrison,11
IA,Henry,13
IA,Howard,10
IA,Humboldt,13
IA,Ida,6
IA,Iowa,15
IA,Jackson,14
IA,Jasper,17
IA,Jefferson,7
IA,Johnson,29
IA,Jones,10
IA,Keokuk,15
IA,Kossuth,8
IA,Lee,25
IA,Linn,50
IA,Louisa,13
IA,Lucas,9
IA,Lyon,10
IA,Madison,10
IA,Mahaska,10
IA,Marion,13
IA,Marshall,17
IA,Mills,17
IA,Mitchell,5
IA,Monona,8
IA,Monroe,3
IA,Montgomery,6
IA,Muscatine,20
IA,O'Brien,13
IA,Osceola,8
IA,Page,13
IA,Palo Alto,8
IA,Plymouth,15
IA,Pocahontas,8
IA,Polk,83
IA,Pottawattamie,24
IA,Poweshiek,24
IA,Ringgold,2
IA,Sac,9
IA,Scott,47
IA,Shelby,10
IA,Sioux,12
IA,Story,28
IA,Tama,11
IA,Taylor,6
IA,Union,11
IA,Van Buren,14
IA,Wapello,16
IA,Warren,26
IA,Washington,12
IA,Wayne,5
IA,Webster,13
IA,Winnebago,7
IA,Winneshiek,19
IA,Woodbury,27
IA,Worth,5
IA,Wright,9
ID,Ada,170
ID,Adams,9
ID,Bannock,41
ID,Bear Lake,9
ID,Benewah,7
ID,Bingham,22
ID,Blaine,14
ID,Boise,7
ID,Bonner,42
ID,Bonneville,82
ID,Boundary,19
ID,Butte,5
ID,Camas,1
ID,Canyon,97
ID,Caribou,5
ID,Cassia,9
ID,Clark,4
ID,Clearwater,19
ID,Custer,9
ID,Elmore,17
ID,Franklin,13
ID,Fremont,19
ID,Gem,10
ID,Gooding,13
ID,Idaho,23
ID,Jefferson,25
ID,Jerome,6
ID,Kootenai,74
ID,Latah,15
ID,Lemhi,28
ID,Lewis,10
ID,Lincoln,4
ID,Madison,18
ID,Minidoka,7
ID,Nez Perce,54
ID,Oneida,1
ID,Owyhee,8
ID,Payette,11
ID,Power,6
ID,Shoshone,10
ID,Teton,13
ID,Twin Falls,51
ID,Valley,4
ID,Washington,14
IL,Adams,53
IL,Alexander,4
IL,Bond,14
IL,Boone,18
IL,Brown,3
IL,Bureau,31
IL,Calhoun,3
IL,Carroll,13
IL,Cass,11
IL,Champaign,43
IL,Christian,16
IL,Clark,16
IL,Clay,9
IL,Clinton,17
IL,Coles,159
IL,Cook,83
IL,Crawford,14
IL,Cumberland,9
IL,De Witt,8
IL,DeKalb,12
IL,Douglas,13
IL,DuPage,91
IL,Edgar,11
IL,Edwards,7
IL,Effingham,19
IL,Fayette,13
IL,Ford,8
IL,Franklin,24
IL,Fulton,18
IL,Gallatin,2
IL,Greene,10
IL,Grundy,28
IL,Hamilton,2
IL,Hancock,21
IL,Hardin,2
IL,Henderson,3
IL,Henry,40
IL,Iroquois,45
IL,Jackson,30
IL,Jasper,8
IL,Jefferson,20
IL,Jersey,4
IL,Jo Daviess,8
IL,Johnson,13
IL,Kane,64
IL,Kankakee,37
IL,Kendall,27
IL,Knox,13
IL,LaSalle,51
IL,Lake,77
IL,Lawrence,5
IL,Lee,15
IL,Livingston,14
IL,Logan,8
IL,Macon,27
IL,Macoupin,20
IL,Madison,81
IL,Marion,22
IL,Marshall,3
IL,Mason,12
IL,Massac,13
IL,McDonough,12
IL,McHenry,53
IL,McLean,58
IL,Menard,9
IL,Mercer,7
IL,Monroe,17
IL,Montgomery,23
IL,Morgan,21
IL,Moultrie,5
IL,Ogle,20
IL,Peoria,32
IL,Perry,19
IL,Piatt,11
IL,Pike,12
IL,Pope,5
IL,Pulaski,6
IL,Putnam,8
IL,Randolph,28
IL,Richland,11
IL,Rock Island,39
IL,Saline,11
IL,Sangamon,79
IL,Schuyler,5
IL,Shelby,21
IL,St. Clair,50
IL,Stark,5
IL,Stephenson,21
IL,Tazewell,43
IL,Union,20
IL,Vermilion,27
IL,Wabash,5
IL,Warren,8
IL,Washington,11
IL,Wayne,12
IL,White,7
IL,Whiteside,18
IL,Will,77
IL,Williamson,41
IL,Winnebago,40
IL,Woodford,25
IN,Adams,15
IN,Allen,46
IN,Bartholomew,17
IN,Benton,3
IN,Blackford,2
IN,Boone,23
IN,Brown,4
IN,Carroll,2
IN,Cass,14
IN,Clark,28
IN,Clay,16
IN,Clinton,10
IN,Crawford,7
IN,Daviess,20
IN,DeKalb,25
IN,Dearborn,31
IN,Decatur,13
IN,Delaware,10
IN,Dubois,14
IN,Elkhart,42
IN,Fayette,5
IN,Floyd,16
IN,Fountain,15
IN,Franklin,12
IN,Fulton,12
IN,Gibson,20
IN,Grant,17
IN,Greene,24
IN,Hamilton,39
IN,Hancock,16
IN,Harrison,18
IN,Hendricks,40
IN,Henry,13
IN,Howard,16
IN,Huntington,12
IN,Jackson,22
IN,Jasper,11
IN,Jay,5
IN,Jefferson,11
IN,Jennings,13
IN,Johnson,28
IN,Knox,16
IN,Kosciusko,27
IN,LaGrange,11
IN,LaPorte,14
IN,Lake,47
IN,Lawrence,25
IN,Madison,21
IN,Marion,66
IN,Marshall,12
IN,Martin,4
IN,Miami,14
IN,Monroe,19
IN,Montgomery,17
IN,Morgan,23
IN,Newton,5
IN,Noble,18
IN,Ohio,3
IN,Orange,8
IN,Owen,10
IN,Parke,10
IN,Perry,6
IN,Pike,6
IN,Porter,23
IN,Posey,9
IN,Pulaski,3
IN,Putnam,12
IN,Randolph,11
IN,Ripley,19
IN,Rush,7
IN,Scott,7
IN,Shelby,9
IN,Spencer,4
IN,St. Joseph,39
IN,Starke,6
IN,Steuben,13
IN,Sullivan,15
IN,Switzerland,2
IN,Tippecanoe,26
IN,Tipton,8
IN,Union,9
IN,Vanderburgh,27
IN,Vermillion,13
IN,Vigo,34
IN,Wabash,13
IN,Warren,3
IN,Warrick,26
IN,Washington,10
IN,Wayne,17
IN,Wells,4
IN,White,12
IN,Whitley,12
KS,Allen,9
KS,Anderson,4
KS,Atchison,8
KS,Barber,6
KS,Barton,15
KS,Bourbon,8
KS,Brown,8
KS,Butler,35
KS,Chase,4
KS,Chautauqua,4
KS,Cherokee,8
KS,Cheyenne,1
KS,Clark,1
KS,Clay,7
KS,Cloud,5
KS,Coffey,11
KS,Comanche,2
KS,Cowley,17
KS,Crawford,14
KS,Decatur,5
KS,Dickinson,16
KS,Doniphan,7
KS,Douglas,25
KS,Edwards,9
KS,Elk,4
KS,Ellis,22
KS,Ellsworth,6
KS,Finney,12
KS,Ford,17
KS,Franklin,11
KS,Geary,13
KS,Gove,6
KS,Graham,6
KS,Grant,8
KS,Gray,3
KS,Greeley,3
KS,Greenwood,6
KS,Hamilton,4
KS,Harper,7
KS,Harvey,23
KS,Haskell,4
KS,Hodgeman,4
KS,Jackson,8
KS,Jefferson,21
KS,Jewell,5
KS,Johnson,140
KS,Kearny,3
KS,Kingman,8
KS,Kiowa,4
KS,Labette,11
KS,Lane,8
KS,Leavenworth,22
KS,Lincoln,1
KS,Linn,13
KS,Logan,6
KS,Lyon,12
KS,Marion,6
KS,Marshall,11
KS,McPherson,1
KS,Meade,7
KS,Miami,23
KS,Mitchell,7
KS,Montgomery,19
KS,Morris,7
KS,Morton,5
KS,Nemaha,10
KS,Neosho,8
KS,Ness,4
KS,Norton,9
KS,Osage,16
KS,Osborne,7
KS,Ottawa,4
KS,Pawnee,4
KS,Phillips,5
KS,Pottawatomie,18
KS,Pratt,13
KS,Rawlins,2
KS,Reno,31
KS,Republic,5
KS,Rice,10
KS,Riley,14
KS,Rooks,4
KS,Rush,4
KS,Russell,10
KS,Saline,26
KS,Scott,5
KS,Sedgwick,123
KS,Seward,8
KS,Shawnee,56
KS,Sheridan,6
KS,Sherman,5
KS,Smith,5
KS,Stafford,2
KS,Stanton,1
KS,Stevens,5
KS,Sumner,19
KS,Thomas,6
KS,Wabaunsee,5
KS,Wallace,3
KS,Washington,6
KS,Wichita,3
KS,Wilson,11
KS,Wyandotte,25
KY,Adair,12
KY,Allen,15
KY,Anderson,10
KY,Ballard,6
KY,Barren,25
KY,Bath,4
KY,Bell,15
KY,Boone,46
KY,Bourbon,10
KY,Boyd,25
KY,Boyle,18
KY,Bracken,3
KY,Breathitt,4
KY,Breckinridge,5
KY,Bullitt,18
KY,Butler,13
KY,Caldwell,9
KY,Calloway,24
KY,Campbell,16
KY,Carlisle,2
KY,Carroll,9
KY,Carter,11
KY,Casey,3
KY,Christian,24
KY,Clark,14
KY,Clay,9
KY,Clinton,4
KY,Crittenden,6
KY,Cumberland,3
KY,Daviess,31
KY,Edmonson,4
KY,Elliott,4
KY,Estill,8
KY,Fayette,48
KY,Fleming,6
KY,Floyd,16
KY,Franklin,16
KY,Fulton,4
KY,Gallatin,4
KY,Garrard,8
KY,Grant,13
KY,Graves,21
KY,Grayson,21
KY,Green,9
KY,Greenup,21
KY,Hancock,8
KY,Hardin,34
KY,Harlan,12
KY,Harrison,12
KY,Hart,10
KY,Henderson,13
KY,Henry,8
KY,Hickman,4
KY,Hopkins,14
KY,Jackson,2
KY,Jefferson,105
KY,Jessamine,19
KY,Johnson,11
KY,Kenton,34
KY,Knott,1
KY,Knox,7
KY,Larue,6
KY,Laurel,27
KY,Lawrence,6
KY,Lee,4
KY,Leslie,2
KY,Letcher,8
KY,Lewis,4
KY,Lincoln,10
KY,Livingston,7
KY,Logan,17
KY,Lyon,1
KY,Madison,24
KY,Magoffin,7
KY,Marion,6
KY,Marshall,16
KY,Martin,4
KY,Mason,8
KY,McCracken,28
KY,McCreary,4
KY,McLean,6
KY,Meade,6
KY,Mercer,7
KY,Metcalfe,9
KY,Monroe,12
KY,Montgomery,8
KY,Morgan,6
KY,Muhlenberg,6
KY,Nelson,17
KY,Nicholas,2
KY,Ohio,8
KY,Oldham,20
KY,Owen,6
KY,Owsley,4
KY,Pendleton,5
KY,Perry,17
KY,Pike,19
KY,Powell,3
KY,Pulaski,27
KY,Robertson,1
KY,Rockcastle,7
KY,Rowan,8
KY,Russell,9
KY,Scott,12
KY,Shelby,21
KY,Simpson,4
KY,Spencer,4
KY,Taylor,19
KY,Todd,6
KY,Trigg,9
KY,Trimble,5
KY,Union,5
KY,Warren,33
KY,Washington,3
KY,Wayne,8
KY,Webster,5
KY,Whitley,16
KY,Wolfe,3
KY,Woodford,6
LA,Acadia,15
LA,Allen,6
LA,Ascension,29
LA,Assumption,4
LA,Avoyelles,22
LA,Beauregard,10
LA,Bienville,7
LA,Bossier,66
LA,Caddo,84
LA,Calcasieu,59
LA,Caldwell,6
LA,Cameron,1
LA,Catahoula,8
LA,Claiborne,6
LA,Concordia,12
LA,De Soto,8
LA,East Baton Rouge,70
LA,East Carroll,3
LA,East Feliciana,7
LA,Evangeline,11
LA,Franklin,10
LA,Grant,15
LA,Iberia,18
LA,Iberville,5
LA,Jackson,17
LA,Jefferson,54
LA,Jefferson Davis,10
LA,La Salle Parish,6
LA,Lafayette,86
LA,Lafourche,32
LA,Lincoln,18
LA,Livingston,52
LA,Madison,2
LA,Morehouse,12
LA,Natchitoches,17
LA,Orleans,10
LA,Ouachita,80
LA,Plaquemines,3
LA,Pointe Coupee,8
LA,Rapides,60
LA,Red River,4
LA,Richland,13
LA,Sabine,9
LA,St. Bernard,7
LA,St. Charles,9
LA,St. Helena,3
LA,St. James,5
LA,St. John the Baptist,2
LA,St. Landry,29
LA,St. Martin,12
LA,St. Mary,18
LA,St. Tammany,40
LA,Tangipahoa,37
LA,Tensas,6
LA,Terrebonne,29
LA,Union,6
LA,Vermilion,26
LA,Vernon,22
LA,Washington,18
LA,Webster,16
LA,West Baton Rouge,14
LA,West Carroll,5
LA,West Feliciana,1
LA,Winn,10
MA,Barnstable,21
MA,Berkshire,15
MA,Bristol,17
MA,Essex,36
MA,Franklin,13
MA,Hampden,52
MA,Hampshire,10
MA,Middlesex,80
MA,Norfolk,18
MA,Plymouth,17
MA,Suffolk,4
MA,Worcester,52
MD,Allegany,17
MD,Anne Arundel,47
MD,Baltimore,15
MD,Baltimore (city),34
MD,Calvert,18
MD,Caroline,10
MD,Carroll,25
MD,Cecil,22
MD,Charles,22
MD,Dorchester,19
MD,Frederick,38
MD,Garrett,11
MD,Harford,27
MD,Howard,15
MD,Kent,6
MD,Montgomery,66
MD,Prince George's,43
MD,Queen Anne's,22
MD,Somerset,13
MD,St. Mary's,27
MD,Talbot,15
MD,Washington,46
MD,Wicomico,26
MD,Worcester,15
ME,Androscoggin,24
ME,Aroostook,32
ME,Cumberland,38
ME,Franklin,9
ME,Hancock,11
ME,Kennebec,26
ME,Knox,5
ME,Lincoln,16
ME,Oxford,17
ME,Penobscot,27
ME,Piscataquis,5
ME,Sagadahoc,12
ME,Somerset,23
ME,Waldo,3
ME,Washington,14
ME,York,30
MI,Alcona,7
MI,Alger,5
MI,Allegan,37
MI,Alpena,20
MI,Antrim,12
MI,Arenac,8
MI,Baraga,4
MI,Barry,19
MI,Bay,24
MI,Benzie,18
MI,Berrien,38
MI,Branch,18
MI,Calhoun,34
MI,Cass,15
MI,Charlevoix,7
MI,Cheboygan,9
MI,Chippewa,17
MI,Clare,17
MI,Clinton,24
MI,Crawford,5
MI,Delta,21
MI,Dickinson,20
MI,Eaton,30
MI,Emmet,20
MI,Genesee,75
MI,Gladwin,14
MI,Gogebic,7
MI,Grand Traverse,30
MI,Gratiot,7
MI,Hillsdale,15
MI,Houghton,17
MI,Huron,8
MI,Ingham,67
MI,Ionia,18
MI,Iosco,16
MI,Iron,3
MI,Isabella,14
MI,Jackson,35
MI,Kalamazoo,33
MI,Kalkaska,6
MI,Kent,109
MI,Lake,3
MI,Lapeer,39
MI,Leelanau,11
MI,Lenawee,23
MI,Livingston,52
MI,Luce,3
MI,Mackinac,3
MI,Macomb,78
MI,Manistee,18
MI,Marquette,22
MI,Mason,17
MI,Mecosta,10
MI,Menominee,13
MI,Midland,28
MI,Missaukee,11
MI,Monroe,24
MI,Montcalm,26
MI,Montmorency,11
MI,Muskegon,50
MI,Newaygo,25
MI,Oakland,401
MI,Oceana,14
MI,Ogemaw,17
MI,Ontonagon,8
MI,Osceola,12
MI,Oscoda,5
MI,Otsego,8
MI,Ottawa,62
MI,Presque Isle,12
MI,Roscommon,12
MI,Saginaw,43
MI,Sanilac,28
MI,Schoolcraft,6
MI,Shiawassee,36
MI,St. Clair,24
MI,St. Joseph,17
MI,Tuscola,25
MI,Van Buren,24
MI,Washtenaw,39
MI,Wayne,115
MI,Wexford,22
MN,Aitkin,11
MN,Anoka,93
MN,Becker,16
MN,Beltrami,16
MN,Benton,15
MN,Big Stone,6
MN,Blue Earth,20
MN,Brown,15
MN,Carlton,21
MN,Carver,18
MN,Cass,36
MN,Chippewa,4
MN,Chisago,31
MN,Clay,13
MN,Clearwater,7
MN,Cook,6
MN,Cottonwood,10
MN,Crow Wing,29
MN,Dakota,90
MN,Dodge,11
MN,Douglas,28
MN,Faribault,7
MN,Fillmore,10
MN,Freeborn,10
MN,Goodhue,21
MN,Grant,7
MN,Hennepin,159
MN,Houston,11
MN,Hubbard,12
MN,Isanti,22
MN,Itasca,29
MN,Jackson,6
MN,Kanabec,9
MN,Kandiyohi,16
MN,Kittson,6
MN,Koochiching,6
MN,Lac qui Parle,5
MN,Lake,6
MN,Lake of the Woods,6
MN,Le Sueur,19
MN,Lincoln,3
MN,Lyon,37
MN,Mahnomen,5
MN,Marshall,11
MN,Martin,9
MN,McLeod,21
MN,Meeker,11
MN,Mille Lacs,20
MN,Morrison,14
MN,Mower,13
MN,Murray,9
MN,Nicollet,9
MN,Nobles,11
MN,Norman,4
MN,Olmsted,31
MN,Otter Tail,41
MN,Pennington,14
MN,Pine,25
MN,Pipestone,4
MN,Polk,16
MN,Pope,7
MN,Ramsey,206
MN,Red Lake,3
MN,Redwood,5
MN,Renville,11
MN,Rice,21
MN,Rock,4
MN,Roseau,11
MN,Scott,25
MN,Sherburne,34
MN,Sibley,3
MN,St. Louis,76
MN,Stearns,41
MN,Steele,7
MN,Stevens,10
MN,Swift,7
MN,Todd,12
MN,Traverse,4
MN,Wabasha,19
MN,Wadena,9
MN,Waseca,5
MN,Washington,44
MN,Watonwan,3
MN,Wilkin,7
MN,Winona,20
MN,Wright,41
MN,Yellow Medicine,3
MO,Adair,9
MO,Andrew,12
MO,Atchison,3
MO,Audrain,15
MO,Barry,20
MO,Barton,7
MO,Bates,7
MO,Benton,18
MO,Bollinger,10
MO,Boone,56
MO,Buchanan,31
MO,Butler,23
MO,Caldwell,9
MO,Callaway,22
MO,Camden,35
MO,Cape Girardeau,39
MO,Carroll,15
MO,Carter,6
MO,Cass,49
MO,Cedar,10
MO,Chariton,11
MO,Christian,45
MO,Clark,5
MO,Clay,59
MO,Clinton,17
MO,Cole,49
MO,Cooper,17
MO,Crawford,22
MO,Dade,5
MO,Dallas,11
MO,Daviess,5
MO,DeKalb,12
MO,Dent,12
MO,Douglas,6
MO,Dunklin,29
MO,Franklin,66
MO,Gasconade,23
MO,Gentry,11
MO,Greene,161
MO,Grundy,7
MO,Harrison,12
MO,Henry,11
MO,Hickory,3
MO,Holt,4
MO,Howard,4
MO,Howell,32
MO,Iron,8
MO,Jackson,131
MO,Jasper,51
MO,Jefferson,90
MO,Johnson,18
MO,Knox,3
MO,Laclede,26
MO,Lafayette,16
MO,Lawrence,16
MO,Lewis,8
MO,Lincoln,37
MO,Linn,11
MO,Livingston,7
MO,Macon,14
MO,Madison,7
MO,Maries,8
MO,Marion,19
MO,McDonald,10
MO,Mercer,4
MO,Miller,15
MO,Mississippi,4
MO,Moniteau,7
MO,Monroe,7
MO,Montgomery,13
MO,Morgan,13
MO,New Madrid,5
MO,Newton,23
MO,Nodaway,19
MO,Oregon,11
MO,Osage,19
MO,Ozark,14
MO,Pemiscot,10
MO,Perry,24
MO,Pettis,32
MO,Phelps,26
MO,Pike,18
MO,Platte,9
MO,Polk,23
MO,Pulaski,16
MO,Putnam,2
MO,Ralls,13
MO,Randolph,37
MO,Ray,13
MO,Reynolds,7
MO,Ripley,12
MO,Saline,7
MO,Schuyler,4
MO,Scotland,3
MO,Scott,25
MO,Shannon,5
MO,Shelby,7
MO,St. Charles,60
MO,St. Clair,6
MO,St. Francois,24
MO,St. Louis,114
MO,St. Louis (city),87
MO,Ste. Genevieve,12
MO,Stoddard,21
MO,Stone,13
MO,Sullivan,4
MO,Taney,23
MO,Texas,33
MO,Vernon,12
MO,Warren,15
MO,Washington,14
MO,Wayne,9
MO,Webster,29
MO,Worth,1
MO,Wright,26
MS,Adams,14
MS,Alcorn,14
MS,Amite,7
MS,Attala,6
MS,Benton,1
MS,Bolivar,15
MS,Calhoun,5
MS,Carroll,4
MS,Chickasaw,4
MS,Choctaw,7
MS,Claiborne,5
MS,Clarke,7
MS,Clay,6
MS,Coahoma,3
MS,Copiah,10
MS,Covington,11
MS,DeSoto,30
MS,Forrest,40
MS,Franklin,5
MS,George,19
MS,Greene,6
MS,Grenada,13
MS,Hancock,10
MS,Harrison,34
MS,Hinds,43
MS,Holmes,2
MS,Humphreys,3
MS,Itawamba,13
MS,Jackson,32
MS,Jasper,5
MS,Jefferson,1
MS,Jefferson Davis,6
MS,Jones,37
MS,Kemper,1
MS,Lafayette,20
MS,Lamar,16
MS,Lauderdale,29
MS,Lawrence,5
MS,Leake,10
MS,Lee,33
MS,Leflore,13
MS,Lincoln,14
MS,Lowndes,24
MS,Madison,37
MS,Marion,13
MS,Marshall,9
MS,Monroe,19
MS,Montgomery,3
MS,Neshoba,5
MS,Newton,10
MS,Noxubee,4
MS,Oktibbeha,8
MS,Panola,10
MS,Pearl River,28
MS,Perry,5
MS,Pike,10
MS,Pontotoc,11
MS,Prentiss,11
MS,Rankin,54
MS,Scott,13
MS,Sharkey,3
MS,Simpson,10
MS,Smith,5
MS,Stone,5
MS,Sunflower,4
MS,Tallahatchie,2
MS,Tate,7
MS,Tippah,13
MS,Tishomingo,13
MS,Tunica,5
MS,Union,14
MS,Walthall,7
MS,Warren,23
MS,Washington,12
MS,Wayne,11
MS,Webster,4
MS,Wilkinson,2
MS,Winston,11
MS,Yalobusha,6
MS,Yazoo,8
MT,Beaverhead,20
MT,Big Horn,7
MT,Blaine,10
MT,Broadwater,10
MT,Carbon,14
MT,Carter,2
MT,Cascade,90
MT,Chouteau,9
MT,Custer,12
MT,Daniels,8
MT,Dawson,15
MT,Deer Lodge,9
MT,Fallon,9
MT,Fergus,26
MT,Flathead,137
MT,Gallatin,137
MT,Garfield,2
MT,Glacier,6
MT,Golden Valley,1
MT,Granite,5
MT,Hill,25
MT,Jefferson,14
MT,Judith Basin,8
MT,Lake,26
MT,Lewis and Clark,65
MT,Liberty,6
MT,Lincoln,37
MT,Madison,15
MT,McCone,6
MT,Meagher,1
MT,Mineral,6
MT,Missoula,77
MT,Musselshell,11
MT,Park,30
MT,Petroleum,2
MT,Phillips,7
MT,Pondera,10
MT,Powder River,10
MT,Powell,14
MT,Prairie,4
MT,Ravalli,75
MT,Richland,21
MT,Roosevelt,15
MT,Rosebud,12
MT,Sanders,24
MT,Sheridan,8
MT,Silver Bow,28
MT,Stillwater,15
MT,Sweet Grass,10
MT,Teton,12
MT,Toole,13
MT,Valley,14
MT,Wheatland,4
MT,Yellowstone,128
NC,Alamance,38
NC,Alexander,15
NC,Alleghany,4
NC,Anson,10
NC,Ashe,16
NC,Avery,10
NC,Beaufort,14
NC,Bertie,2
NC,Bladen,13
NC,Brunswick,32
NC,Buncombe,47
NC,Burke,26
NC,Cabarrus,50
NC,Caldwell,23
NC,Camden,11
NC,Carteret,34
NC,Caswell,5
NC,Catawba,38
NC,Chatham,26
NC,Cherokee,16
NC,Chowan,5
NC,Clay,7
NC,Cleveland,35
NC,Columbus,20
NC,Craven,47
NC,Cumberland,77
NC,Currituck,18
NC,Dare,19
NC,Davidson,45
NC,Davie,23
NC,Duplin,18
NC,Durham,28
NC,Edgecombe,11
NC,Forsyth,49
NC,Franklin,19
NC,Gaston,53
NC,Gates,2
NC,Graham,4
NC,Granville,15
NC,Greene,5
NC,Guilford,72
NC,Halifax,10
NC,Harnett,26
NC,Haywood,40
NC,Henderson,51
NC,Hertford,8
NC,Hoke,20
NC,Hyde,4
NC,Iredell,61
NC,Jackson,16
NC,Johnston,44
NC,Jones,8
NC,Lee,31
NC,Lenoir,20
NC,Lincoln,29
NC,Macon,30
NC,Madison,11
NC,Martin,8
NC,McDowell,21
NC,Mecklenburg,113
NC,Mitchell,7
NC,Montgomery,10
NC,Moore,43
NC,Nash,30
NC,New Hanover,55
NC,Northampton,6
NC,Onslow,59
NC,Orange,10
NC,Pamlico,5
NC,Pasquotank,11
NC,Pender,29
NC,Perquimans,4
NC,Person,11
NC,Pitt,40
NC,Polk,11
NC,Randolph,48
NC,Richmond,13
NC,Robeson,24
NC,Rockingham,56
NC,Rowan,45
NC,Rutherford,21
NC,Sampson,16
NC,Scotland,10
NC,Stanly,36
NC,Stokes,10
NC,Surry,24
NC,Swain,17
NC,Transylvania,15
NC,Tyrrell,3
NC,Union,48
NC,Vance,7
NC,Wake,124
NC,Warren,6
NC,Washington,5
NC,Watauga,15
NC,Wayne,28
NC,Wilkes,17
NC,Wilson,17
NC,Yadkin,18
NC,Yancey,6
ND,Adams,1
ND,Barnes,10
ND,Benson,2
ND,Bottineau,15
ND,Bowman,4
ND,Burke,2
ND,Burleigh,46
ND,Cass,39
ND,Cavalier,5
ND,Dickey,6
ND,Divide,4
ND,Dunn,4
ND,Eddy,3
ND,Emmons,4
ND,Foster,3
ND,Golden Valley,3
ND,Grand Forks,27
ND,Grant,7
ND,Griggs,4
ND,Hettinger,1
ND,Kidder,5
ND,LaMoure,5
ND,Logan,6
ND,McHenry,7
ND,McIntosh,3
ND,McKenzie,10
ND,McLean,15
ND,Mercer,16
ND,Morton,17
ND,Mountrail,5
ND,Nelson,2
ND,Oliver,5
ND,Pembina,10
ND,Pierce,2
ND,Ramsey,12
ND,Ransom,5
ND,Renville,1
ND,Richland,18
ND,Rolette,8
ND,Sargent,9
ND,Stark,20
ND,Stutsman,16
ND,Towner,3
ND,Traill,2
ND,Walsh,11
ND,Ward,41
ND,Wells,8
ND,Williams,21
NE,Adams,23
NE,Antelope,7
NE,Arthur,1
NE,Boone,9
NE,Box Butte,17
NE,Boyd,2
NE,Brown,4
NE,Buffalo,26
NE,Burt,3
NE,Butler,9
NE,Cass,8
NE,Cedar,4
NE,Chase,4
NE,Cherry,14
NE,Cheyenne,91
NE,Clay,6
NE,Colfax,2
NE,Cuming,4
NE,Custer,20
NE,Dakota,7
NE,Dawes,10
NE,Dawson,8
NE,Dixon,7
NE,Dodge,22
NE,Douglas,75
NE,Dundy,3
NE,Fillmore,6
NE,Franklin,1
NE,Frontier,3
NE,Furnas,8
NE,Gage,20
NE,Garden,1
NE,Garfield,2
NE,Gosper,2
NE,Grant,1
NE,Greeley,1
NE,Hall,20
NE,Hamilton,7
NE,Harlan,4
NE,Hayes,1
NE,Hitchcock,6
NE,Holt,10
NE,Hooker,2
NE,Howard,2
NE,Jefferson,7
NE,Kearney,5
NE,Keith,5
NE,Keya Paha,2
NE,Kimball,2
NE,Knox,10
NE,Lancaster,54
NE,Lincoln,25
NE,Logan,2
NE,Loup,2
NE,Madison,22
NE,McPherson,1
NE,Merrick,6
NE,Morrill,5
NE,Nance,4
NE,Nemaha,8
NE,Nuckolls,5
NE,Otoe,9
NE,Pawnee,2
NE,Perkins,4
NE,Phelps,8
NE,Pierce,5
NE,Platte,14
NE,Polk,4
NE,Red Willow,4
NE,Richardson,11
NE,Rock,3
NE,Saline,7
NE,Sarpy,33
NE,Saunders,17
NE,Scotts Bluff,24
NE,Seward,11
NE,Sheridan,8
NE,Sherman,3
NE,Stanton,4
NE,Thayer,7
NE,Thomas,1
NE,Thurston,1
NE,Valley,8
NE,Washington,8
NE,Wayne,4
NE,Webster,4
NE,Wheeler,2
NE,York,9
NH,Belknap,19
NH,Carroll,13
NH,Cheshire,23
NH,Coos,17
NH,Grafton,29
NH,Hillsborough,70
NH,Merrimack,21
NH,Rockingham,36
NH,Strafford,26
NH,Sullivan,23
NJ,Atlantic,19
NJ,Bergen,18
NJ,Burlington,16
NJ,Camden,8
NJ,Cape May,8
NJ,Cumberland,12
NJ,Gloucester,18
NJ,Hudson,7
NJ,Hunterdon,16
NJ,Mercer,8
NJ,Middlesex,9
NJ,Monmouth,31
NJ,Morris,24
NJ,Ocean,20
NJ,Passaic,20
NJ,Salem,9
NJ,Somerset,10
NJ,Sussex,18
NJ,Union,8
NJ,Warren,17
NM,Bernalillo,159
NM,Catron,5
NM,Chaves,21
NM,Cibola,9
NM,Colfax,17
NM,Curry,23
NM,De Baca,3
NM,Do?ña Ana,54
NM,Eddy,27
NM,Grant,15
NM,Guadalupe,3
NM,Harding,5
NM,Hidalgo,8
NM,Lea,32
NM,Lincoln,23
NM,Los Alamos,15
NM,Luna,6
NM,McKinley,24
NM,Mora,3
NM,Otero,30
NM,Quay,15
NM,Rio Arriba,6
NM,Roosevelt,5
NM,San Juan,53
NM,San Miguel,9
NM,Sandoval,57
NM,Santa Fe,37
NM,Sierra,6
NM,Socorro,4
NM,Taos,8
NM,Torrance,10
NM,Union,7
NM,Valencia,30
NV,Carson City (city),34
NV,Churchill,11
NV,Clark,250
NV,Douglas,58
NV,Elko,36
NV,Esmeralda,2
NV,Eureka,6
NV,Humboldt,14
NV,Lander,7
NV,Lincoln,7
NV,Lyon,35
NV,Mineral,3
NV,Nye,31
NV,Pershing,4
NV,Washoe,153
NV,White Pine,7
NY,Albany,13
NY,Allegany,19
NY,Bronx,4
NY,Broome,42
NY,Cattaraugus,34
NY,Cayuga,14
NY,Chautauqua,29
NY,Chemung,14
NY,Chenango,18
NY,Clinton,7
NY,Columbia,12
NY,Cortland,12
NY,Delaware,24
NY,Dutchess,48
NY,Erie,97
NY,Essex,4
NY,Franklin,17
NY,Fulton,14
NY,Genesee,21
NY,Greene,14
NY,Hamilton,5
NY,Herkimer,27
NY,Jefferson,18
NY,Kings,8
NY,Lewis,20
NY,Livingston,17
NY,Madison,15
NY,Monroe,105
NY,Montgomery,12
NY,Nassau,52
NY,New York,12
NY,Niagara,38
NY,Oneida,56
NY,Onondaga,48
NY,Ontario,24
NY,Orange,65
NY,Orleans,7
NY,Oswego,34
NY,Otsego,22
NY,Putnam,10
NY,Rensselaer,18
NY,Richmond,5
NY,Rockland,40
NY,Saratoga,19
NY,Schenectady,18
NY,Schoharie,10
NY,Schuyler,5
NY,Seneca,7
NY,St. Lawrence,26
NY,Steuben,31
NY,Suffolk,72
NY,Sullivan,36
NY,Tioga,9
NY,Tompkins,16
NY,Ulster,62
NY,Warren,10
NY,Washington,24
NY,Wayne,27
NY,Westchester,51
NY,Wyoming,15
NY,Yates,12
OH,Adams,11
OH,Allen,28
OH,Ashland,19
OH,Ashtabula,33
OH,Athens,23
OH,Auglaize,13
OH,Belmont,29
OH,Brown,25
OH,Butler,53
OH,Carroll,9
OH,Champaign,10
OH,Clark,38
OH,Clermont,47
OH,Clinton,16
OH,Columbiana,45
OH,Coshocton,15
OH,Crawford,11
OH,Cuyahoga,117
OH,Darke,12
OH,Defiance,13
OH,Delaware,42
OH,Erie,16
OH,Fairfield,42
OH,Fayette,6
OH,Franklin,126
OH,Fulton,18
OH,Gallia,8
OH,Geauga,31
OH,Greene,29
OH,Guernsey,23
OH,Hamilton,132
OH,Hancock,19
OH,Hardin,8
OH,Harrison,8
OH,Henry,6
OH,Highland,19
OH,Hocking,10
OH,Holmes,15
OH,Huron,15
OH,Jackson,14
OH,Jefferson,31
OH,Knox,25
OH,Lake,73
OH,Lawrence,23
OH,Licking,57
OH,Logan,25
OH,Lorain,60
OH,Lucas,62
OH,Madison,19
OH,Mahoning,45
OH,Marion,17
OH,Medina,61
OH,Meigs,11
OH,Mercer,16
OH,Miami,20
OH,Monroe,14
OH,Montgomery,115
OH,Morgan,3
OH,Morrow,6
OH,Muskingum,27
OH,Noble,2
OH,Ottawa,16
OH,Paulding,6
OH,Perry,14
OH,Pickaway,16
OH,Pike,7
OH,Portage,38
OH,Preble,25
OH,Putnam,15
OH,Richland,28
OH,Ross,31
OH,Sandusky,21
OH,Scioto,26
OH,Seneca,9
OH,Shelby,16
OH,Stark,88
OH,Summit,76
OH,Trumbull,50
OH,Tuscarawas,48
OH,Union,8
OH,Van Wert,7
OH,Warren,73
OH,Washington,40
OH,Wayne,27
OH,Williams,21
OH,Wood,38
OH,Wyandot,15
OK,Adair,7
OK,Alfalfa,5
OK,Atoka,12
OK,Beaver,6
OK,Beckham,17
OK,Blaine,6
OK,Bryan,21
OK,Caddo,15
OK,Canadian,54
OK,Carter,18
OK,Cherokee,24
OK,Choctaw,8
OK,Cimarron,6
OK,Cleveland,52
OK,Coal,1
OK,Comanche,55
OK,Cotton,6
OK,Craig,10
OK,Creek,26
OK,Custer,22
OK,Delaware,23
OK,Dewey,5
OK,Ellis,5
OK,Garfield,98
OK,Garvin,19
OK,Grady,24
OK,Grant,3
OK,Greer,2
OK,Harmon,7
OK,Harper,4
OK,Haskell,9
OK,Hughes,9
OK,Jackson,17
OK,Jefferson,2
OK,Johnston,9
OK,Kay,30
OK,Kingfisher,8
OK,Kiowa,7
OK,Latimer,10
OK,Le Flore,23
OK,Lincoln,21
OK,Logan,11
OK,Major,3
OK,Marshall,14
OK,Mayes,15
OK,McClain,30
OK,McCurtain,22
OK,McIntosh,10
OK,Murray,9
OK,Muskogee,29
OK,Noble,8
OK,Nowata,6
OK,Okfuskee,7
OK,Oklahoma,226
OK,Okmulgee,16
OK,Osage,20
OK,Ottawa,26
OK,Pawnee,13
OK,Payne,20
OK,Pittsburg,4
OK,Pontotoc,22
OK,Pottawatomie,41
OK,Pushmataha,6
OK,Roger Mills,2
OK,Rogers,48
OK,Seminole,10
OK,Sequoyah,28
OK,Stephens,27
OK,Texas,18
OK,Tillman,3
OK,Tulsa,217
OK,Wagoner,22
OK,Washington,28
OK,Washita,9
OK,Woods,7
OK,Woodward,13
OR,Baker,21
OR,Benton,17
OR,Clackamas,117
OR,Clatsop,17
OR,Columbia,32
OR,Coos,38
OR,Crook,14
OR,Curry,24
OR,Deschutes,120
OR,Douglas,62
OR,Gilliam,3
OR,Grant,6
OR,Harney,11
OR,Hood River,7
OR,Jackson,85
OR,Jefferson,11
OR,Josephine,45
OR,Klamath,41
OR,Lake,17
OR,Lane,204
OR,Lincoln,28
OR,Linn,88
OR,Malheur,18
OR,Marion,115
OR,Morrow,8
OR,Multnomah,134
OR,Polk,26
OR,Sherman,4
OR,Tillamook,13
OR,Umatilla,55
OR,Union,35
OR,Wallowa,11
OR,Wasco,16
OR,Washington,120
OR,Wheeler,5
OR,Yamhill,31
PA,Adams,44
PA,Allegheny,816
PA,Armstrong,35
PA,Beaver,38
PA,Bedford,22
PA,Berks,87
PA,Blair,52
PA,Bradford,43
PA,Bucks,101
PA,Butler,68
PA,Cambria,36
PA,Cameron,4
PA,Carbon,16
PA,Centre,43
PA,Chester,94
PA,Clarion,14
PA,Clearfield,18
PA,Clinton,10
PA,Columbia,41
PA,Crawford,32
PA,Cumberland,61
PA,Dauphin,46
PA,Delaware,49
PA,Elk,11
PA,Erie,46
PA,Fayette,43
PA,Forest,4
PA,Franklin,47
PA,Fulton,1
PA,Greene,15
PA,Huntingdon,22
PA,Indiana,38
PA,Jefferson,28
PA,Juniata,12
PA,Lackawanna,37
PA,Lancaster,78
PA,Lawrence,25
PA,Lebanon,37
PA,Lehigh,48
PA,Luzerne,48
PA,Lycoming,44
PA,McKean,24
PA,Mercer,36
PA,Mifflin,14
PA,Monroe,36
PA,Montgomery,94
PA,Montour,8
PA,Northampton,64
PA,Northumberland,24
PA,Perry,38
PA,Philadelphia,17
PA,Pike,24
PA,Potter,19
PA,Schuylkill,42
PA,Snyder,13
PA,Somerset,35
PA,Sullivan,5
PA,Susquehanna,24
PA,Tioga,29
PA,Union,15
PA,Venango,15
PA,Warren,24
PA,Washington,61
PA,Wayne,31
PA,Westmoreland,104
PA,Wyoming,18
PA,York,105
PR,Aguada,3
PR,Aguadilla,1
PR,Aibonito,2
PR,Arecibo,1
PR,Cabo Rojo,1
PR,Caguas,4
PR,Can??vanas,2
PR,Cayey,1
PR,Coamo,1
PR,Fajardo,2
PR,Guayama,2
PR,Guaynabo,1
PR,Hatillo,1
PR,Humacao,1
PR,Isabela,3
PR,Lajas,1
PR,Moca,2
PR,Ponce,3
PR,Sabana Grande,1
PR,San Juan,15
PR,San Lorenzo,1
PR,Toa Alta,1
PR,Toa Baja,2
RI,Kent,8
RI,Newport,3
RI,Providence,35
RI,Washington,14
SC,Abbeville,11
SC,Aiken,61
SC,Allendale,3
SC,Anderson,51
SC,Bamberg,7
SC,Barnwell,10
SC,Beaufort,32
SC,Berkeley,22
SC,Calhoun,5
SC,Charleston,57
SC,Cherokee,15
SC,Chester,12
SC,Chesterfield,13
SC,Clarendon,7
SC,Colleton,12
SC,Darlington,25
SC,Dillon,7
SC,Dorchester,25
SC,Edgefield,9
SC,Fairfield,8
SC,Florence,48
SC,Georgetown,16
SC,Greenville,121
SC,Greenwood,22
SC,Hampton,10
SC,Horry,71
SC,Jasper,8
SC,Kershaw,21
SC,Lancaster,13
SC,Laurens,21
SC,Lee,2
SC,Lexington,86
SC,Marion,8
SC,Marlboro,5
SC,McCormick,2
SC,Newberry,21
SC,Oconee,27
SC,Orangeburg,19
SC,Pickens,41
SC,Richland,53
SC,Saluda,4
SC,Spartanburg,84
SC,Sumter,20
SC,Union,12
SC,Williamsburg,11
SC,York,46
SD,Aurora,1
SD,Beadle,11
SD,Bennett,5
SD,Bon Homme,4
SD,Brookings,11
SD,Brown,31
SD,Brule,6
SD,Butte,9
SD,Campbell,4
SD,Charles Mix,8
SD,Clark,5
SD,Clay,5
SD,Codington,11
SD,Corson,1
SD,Custer,16
SD,Davison,12
SD,Day,4
SD,Dewey,8
SD,Douglas,4
SD,Edmunds,4
SD,Fall River,8
SD,Faulk,5
SD,Grant,5
SD,Gregory,8
SD,Haakon,4
SD,Hamlin,4
SD,Hand,4
SD,Hanson,5
SD,Hughes,16
SD,Hutchinson,6
SD,Hyde,1
SD,Jerauld,2
SD,Jones,2
SD,Kingsbury,9
SD,Lake,12
SD,Lawrence,27
SD,Lincoln,18
SD,Lyman,3
SD,Marshall,1
SD,McCook,1
SD,McPherson,3
SD,Meade,25
SD,Mellette,1
SD,Miner,3
SD,Minnehaha,71
SD,Moody,2
SD,Pennington,84
SD,Perkins,4
SD,Potter,4
SD,Roberts,5
SD,Spink,11
SD,Stanley,2
SD,Sully,3
SD,Todd,3
SD,Tripp,8
SD,Turner,6
SD,Union,14
SD,Walworth,9
SD,Yankton,13
TN,Anderson,21
TN,Bedford,10
TN,Benton,9
TN,Bledsoe,6
TN,Blount,41
TN,Bradley,49
TN,Campbell,9
TN,Cannon,3
TN,Carroll,4
TN,Carter,15
TN,Cheatham,14
TN,Chester,3
TN,Claiborne,12
TN,Cocke,11
TN,Coffee,19
TN,Crockett,9
TN,Cumberland,16
TN,Davidson,47
TN,DeKalb,6
TN,Decatur,8
TN,Dickson,24
TN,Dyer,10
TN,Fayette,7
TN,Fentress,14
TN,Franklin,8
TN,Gibson,21
TN,Giles,10
TN,Grainger,3
TN,Greene,21
TN,Grundy,4
TN,Hamblen,16
TN,Hamilton,52
TN,Hancock,1
TN,Hardeman,5
TN,Hardin,16
TN,Hawkins,21
TN,Haywood,6
TN,Henderson,9
TN,Henry,17
TN,Hickman,3
TN,Humphreys,10
TN,Jackson,2
TN,Jefferson,18
TN,Johnson,7
TN,Knox,81
TN,Lake,1
TN,Lauderdale,6
TN,Lawrence,16
TN,Lewis,4
TN,Lincoln,15
TN,Loudon,23
TN,Macon,8
TN,Madison,22
TN,Marion,16
TN,Marshall,15
TN,Maury,21
TN,McMinn,25
TN,McNairy,14
TN,Meigs,9
TN,Monroe,19
TN,Montgomery,52
TN,Morgan,2
TN,Obion,18
TN,Overton,6
TN,Perry,10
TN,Pickett,3
TN,Polk,7
TN,Putnam,25
TN,Rhea,16
TN,Roane,25
TN,Robertson,12
TN,Rutherford,44
TN,Scott,10
TN,Sequatchie,6
TN,Sevier,33
TN,Shelby,92
TN,Smith,6
TN,Stewart,6
TN,Sullivan,48
TN,Sumner,51
TN,Tipton,16
TN,Trousdale,1
TN,Unicoi,5
TN,Union,1
TN,Warren,3
TN,Washington,29
TN,Wayne,5
TN,Weakley,7
TN,White,11
TN,Williamson,34
TN,Wilson,29
TX,Anderson,17
TX,Andrews,4
TX,Angelina,34
TX,Aransas,8
TX,Archer,3
TX,Armstrong,3
TX,Atascosa,22
TX,Austin,21
TX,Bailey,5
TX,Bandera,20
TX,Bastrop,33
TX,Baylor,6
TX,Bee,6
TX,Bell,94
TX,Bexar,193
TX,Blanco,12
TX,Borden,1
TX,Bosque,19
TX,Bowie,31
TX,Brazoria,103
TX,Brazos,60
TX,Brewster,10
TX,Brooks,2
TX,Brown,24
TX,Burleson,13
TX,Burnet,36
TX,Caldwell,19
TX,Calhoun,13
TX,Callahan,7
TX,Cameron,50
TX,Camp,5
TX,Carson,5
TX,Cass,9
TX,Castro,4
TX,Chambers,11
TX,Cherokee,18
TX,Childress,5
TX,Clay,1
TX,Cochran,1
TX,Coke,3
TX,Coleman,8
TX,Collin,203
TX,Colorado,20
TX,Comal,67
TX,Comanche,8
TX,Concho,2
TX,Cooke,16
TX,Coryell,22
TX,Cottle,5
TX,Crane,1
TX,Crockett,4
TX,Culberson,1
TX,Dallam,6
TX,Dallas,305
TX,Dawson,13
TX,DeWitt,14
TX,Deaf Smith,2
TX,Delta,4
TX,Denton,223
TX,Dickens,1
TX,Dimmit,1
TX,Donley,2
TX,Eastland,14
TX,Ector,38
TX,Edwards,3
TX,El Paso,116
TX,Ellis,63
TX,Erath,23
TX,Falls,8
TX,Fannin,16
TX,Fayette,19
TX,Fisher,3
TX,Floyd,5
TX,Foard,1
TX,Fort Bend,117
TX,Franklin,1
TX,Freestone,10
TX,Frio,3
TX,Gaines,11
TX,Galveston,94
TX,Garza,2
TX,Gillespie,24
TX,Goliad,4
TX,Gonzales,7
TX,Gray,12
TX,Grayson,46
TX,Gregg,55
TX,Grimes,11
TX,Guadalupe,33
TX,Hale,28
TX,Hall,4
TX,Hamilton,16
TX,Hansford,2
TX,Hardeman,2
TX,Hardin,38
TX,Harris,851
TX,Harrison,25
TX,Haskell,5
TX,Hays,41
TX,Hemphill,12
TX,Henderson,36
TX,Hidalgo,26
TX,Hill,19
TX,Hockley,13
TX,Hood,49
TX,Hopkins,20
TX,Houston,6
TX,Howard,13
TX,Hudspeth,4
TX,Hunt,36
TX,Hutchinson,17
TX,Irion,3
TX,Jack,5
TX,Jackson,7
TX,Jasper,15
TX,Jeff Davis,2
TX,Jefferson,60
TX,Jim Hogg,3
TX,Jim Wells,9
TX,Johnson,82
TX,Jones,7
TX,Karnes,6
TX,Kaufman,56
TX,Kendall,41
TX,Kerr,34
TX,Kimble,4
TX,King,1
TX,Kinney,2
TX,Kleberg,7
TX,Knox,3
TX,La Salle,2
TX,Lamar,22
TX,Lamb,10
TX,Lampasas,22
TX,Lavaca,13
TX,Lee,5
TX,Leon,14
TX,Liberty,41
TX,Limestone,15
TX,Lipscomb,5
TX,Live Oak,5
TX,Llano,12
TX,Loving,1
TX,Lubbock,96
TX,Lynn,1
TX,Madison,8
TX,Marion,3
TX,Martin,2
TX,Mason,7
TX,Matagorda,10
TX,Maverick,3
TX,McCulloch,7
TX,McLennan,70
TX,McMullen,1
TX,Medina,24
TX,Menard,3
TX,Midland,89
TX,Milam,12
TX,Mills,7
TX,Mitchell,3
TX,Montague,16
TX,Montgomery,168
TX,Moore,10
TX,Morris,4
TX,Motley,1
TX,Nacogdoches,42
TX,Navarro,15
TX,Newton,2
TX,Nolan,11
TX,Nueces,64
TX,Ochiltree,9
TX,Oldham,1
TX,Orange,49
TX,Palo Pinto,24
TX,Panola,13
TX,Parker,66
TX,Parmer,4
TX,Pecos,5
TX,Polk,20
TX,Potter,102
TX,Presidio,2
TX,Rains,9
TX,Randall,14
TX,Reagan,1
TX,Real,3
TX,Red River,11
TX,Reeves,1
TX,Refugio,5
TX,Robertson,3
TX,Rockwall,41
TX,Runnels,9
TX,Rusk,25
TX,Sabine,5
TX,San Augustine,3
TX,San Jacinto,12
TX,San Patricio,25
TX,San Saba,2
TX,Scurry,5
TX,Shackelford,5
TX,Shelby,11
TX,Sherman,2
TX,Smith,74
TX,Somervell,11
TX,Starr,15
TX,Stephens,9
TX,Stonewall,1
TX,Sutton,5
TX,Swisher,5
TX,Tarrant,1059
TX,Taylor,45
TX,Terrell,2
TX,Terry,2
TX,Throckmorton,1
TX,Titus,9
TX,Tom Green,61
TX,Travis,522
TX,Trinity,4
TX,Tyler,10
TX,Upshur,20
TX,Upton,2
TX,Uvalde,16
TX,Val Verde,7
TX,Van Zandt,23
TX,Victoria,48
TX,Walker,20
TX,Waller,15
TX,Ward,4
TX,Washington,17
TX,Webb,40
TX,Wharton,19
TX,Wheeler,9
TX,Wichita,36
TX,Wilbarger,5
TX,Willacy,1
TX,Williamson,153
TX,Wilson,14
TX,Winkler,3
TX,Wise,34
TX,Wood,36
TX,Yoakum,5
TX,Young,14
TX,Zapata,3
UT,Beaver,8
UT,Box Elder,26
UT,Cache,57
UT,Carbon,19
UT,Davis,101
UT,Duchesne,13
UT,Emery,12
UT,Garfield,7
UT,Grand,9
UT,Iron,36
UT,Juab,11
UT,Kane,6
UT,Millard,12
UT,Morgan,16
UT,Piute,1
UT,Rich,3
UT,Salt Lake,293
UT,San Juan,8
UT,Sanpete,26
UT,Sevier,21
UT,Summit,17
UT,Tooele,19
UT,Uintah,21
UT,Utah,157
UT,Wasatch,7
UT,Washington,38
UT,Wayne,2
UT,Weber,82
VA,Accomack,13
VA,Albemarle,9
VA,Alexandria (city),30
VA,Alleghany,3
VA,Amelia,3
VA,Amherst,9
VA,Appomattox,5
VA,Arlington,10
VA,Augusta,15
VA,Bath,5
VA,Bedford,30
VA,Bland,5
VA,Botetourt,12
VA,Bristol (city),10
VA,Brunswick,1
VA,Buchanan,6
VA,Buckingham,4
VA,Buena Vista (city),1
VA,Campbell,26
VA,Caroline,9
VA,Carroll,10
VA,Charles City,1
VA,Charlotte,7
VA,Charlottesville (city),17
VA,Chesapeake (city),36
VA,Chesterfield,22
VA,Clarke,7
VA,Colonial Heights (city),4
VA,Covington (city),10
VA,Craig,5
VA,Culpeper,20
VA,Cumberland,3
VA,Danville (city),20
VA,Dickenson,8
VA,Dinwiddie,1
VA,Emporia (city),3
VA,Essex,4
VA,Fairfax,100
VA,Fairfax (city),25
VA,Falls Church (city),7
VA,Fauquier,35
VA,Floyd,2
VA,Fluvanna,2
VA,Franklin,14
VA,Franklin (city),3
VA,Frederick,13
VA,Fredericksburg (city),55
VA,Galax (city),8
VA,Giles,14
VA,Gloucester,7
VA,Goochland,4
VA,Grayson,11
VA,Greene,7
VA,Halifax,15
VA,Hampton (city),16
VA,Hanover,26
VA,Harrisonburg (city),15
VA,Henrico,8
VA,Henry,9
VA,Highland,2
VA,Hopewell (city),3
VA,Isle of Wight,7
VA,James City,6
VA,King George,19
VA,King William,5
VA,Lancaster,6
VA,Lee,8
VA,Lexington (city),5
VA,Loudoun,79
VA,Louisa,5
VA,Lunenburg,6
VA,Lynchburg (city),21
VA,Madison,4
VA,Manassas (city),32
VA,Manassas Park (city),2
VA,Martinsville (city),10
VA,Mathews,2
VA,Mecklenburg,18
VA,Middlesex,1
VA,Montgomery,20
VA,Nelson,5
VA,New Kent,7
VA,Newport News (city),15
VA,Norfolk (city),21
VA,Northampton,12
VA,Northumberland,4
VA,Norton (city),5
VA,Nottoway,2
VA,Orange,11
VA,Page,16
VA,Patrick,11
VA,Petersburg (city),4
VA,Pittsylvania,9
VA,Poquoson (city),8
VA,Portsmouth (city),9
VA,Powhatan,12
VA,Prince Edward,8
VA,Prince George,5
VA,Prince William,56
VA,Pulaski,17
VA,Radford (city),15
VA,Rappahannock,5
VA,Richmond,1
VA,Richmond (city),25
VA,Roanoke,4
VA,Roanoke (city),26
VA,Rockbridge,2
VA,Rockingham,13
VA,Russell,7
VA,Salem (city),9
VA,Scott,15
VA,Shenandoah,19
VA,Smyth,9
VA,Southampton,6
VA,Spotsylvania,10
VA,Stafford,22
VA,Staunton (city),10
VA,Suffolk (city),19
VA,Sussex,1
VA,Tazewell,20
VA,Virginia Beach (city),80
VA,Warren,13
VA,Washington,19
VA,Waynesboro (city),2
VA,Westmoreland,6
VA,Williamsburg (city),9
VA,Winchester (city),43
VA,Wise,19
VA,Wythe,16
VA,York,9
VI,St. Croix,1
VT,Addison,11
VT,Bennington,18
VT,Caledonia,21
VT,Chittenden,25
VT,Franklin,24
VT,Grand Isle,2
VT,Lamoille,13
VT,Orange,15
VT,Orleans,13
VT,Rutland,28
VT,Washington,18
VT,Windham,13
VT,Windsor,28
WA,Adams,5
WA,Asotin,7
WA,Benton,48
WA,Chelan,27
WA,Clallam,27
WA,Clark,69
WA,Columbia,4
WA,Cowlitz,31
WA,Douglas,4
WA,Ferry,9
WA,Franklin,11
WA,Garfield,3
WA,Grant,19
WA,Grays Harbor,25
WA,Island,27
WA,Jefferson,15
WA,King,220
WA,Kitsap,39
WA,Kittitas,13
WA,Klickitat,15
WA,Lewis,35
WA,Lincoln,8
WA,Mason,15
WA,Okanogan,21
WA,Pacific,9
WA,Pend Oreille,5
WA,Pierce,122
WA,San Juan,5
WA,Skagit,21
WA,Skamania,1
WA,Snohomish,126
WA,Spokane,118
WA,Stevens,21
WA,Thurston,59
WA,Wahkiakum,3
WA,Walla Walla,14
WA,Whatcom,36
WA,Whitman,12
WA,Yakima,38
WI,Adams,9
WI,Ashland,16
WI,Barron,28
WI,Bayfield,15
WI,Brown,56
WI,Buffalo,7
WI,Burnett,19
WI,Calumet,5
WI,Chippewa,38
WI,Clark,25
WI,Columbia,33
WI,Crawford,4
WI,Dane,52
WI,Dodge,20
WI,Door,10
WI,Douglas,15
WI,Dunn,13
WI,Eau Claire,33
WI,Florence,2
WI,Fond du Lac,16
WI,Forest,8
WI,Grant,33
WI,Green,18
WI,Green Lake,9
WI,Iowa,11
WI,Iron,5
WI,Jackson,11
WI,Jefferson,29
WI,Juneau,19
WI,Kenosha,27
WI,Kewaunee,9
WI,La Crosse,24
WI,Lafayette,10
WI,Langlade,7
WI,Lincoln,15
WI,Manitowoc,20
WI,Marathon,35
WI,Marinette,40
WI,Marquette,8
WI,Milwaukee,65
WI,Monroe,30
WI,Oconto,24
WI,Oneida,24
WI,Outagamie,78
WI,Ozaukee,18
WI,Pepin,2
WI,Pierce,23
WI,Polk,17
WI,Portage,23
WI,Price,12
WI,Racine,43
WI,Richland,12
WI,Rock,58
WI,Rusk,9
WI,Sauk,28
WI,Sawyer,10
WI,Shawano,24
WI,Sheboygan,29
WI,St. Croix,39
WI,Taylor,12
WI,Trempealeau,12
WI,Vernon,15
WI,Vilas,10
WI,Walworth,32
WI,Washburn,17
WI,Washington,30
WI,Waukesha,104
WI,Waupaca,31
WI,Waushara,18
WI,Winnebago,36
WI,Wood,43
WV,Barbour,11
WV,Berkeley,46
WV,Boone,10
WV,Braxton,19
WV,Brooke,7
WV,Cabell,30
WV,Calhoun,2
WV,Clay,6
WV,Doddridge,5
WV,Fayette,14
WV,Gilmer,5
WV,Grant,12
WV,Greenbrier,24
WV,Hampshire,25
WV,Hancock,18
WV,Hardy,20
WV,Harrison,41
WV,Jackson,14
WV,Jefferson,18
WV,Kanawha,73
WV,Lewis,13
WV,Lincoln,6
WV,Logan,10
WV,Marion,25
WV,Marshall,13
WV,Mason,19
WV,McDowell,4
WV,Mercer,32
WV,Mineral,28
WV,Mingo,5
WV,Monongalia,30
WV,Monroe,4
WV,Morgan,16
WV,Nicholas,13
WV,Ohio,17
WV,Pendleton,10
WV,Pleasants,2
WV,Pocahontas,9
WV,Preston,24
WV,Putnam,13
WV,Raleigh,24
WV,Randolph,29
WV,Ritchie,8
WV,Roane,7
WV,Summers,3
WV,Taylor,10
WV,Tucker,9
WV,Tyler,6
WV,Upshur,15
WV,Wayne,9
WV,Webster,8
WV,Wetzel,10
WV,Wirt,3
WV,Wood,33
WV,Wyoming,4
WY,Albany,41
WY,Big Horn,22
WY,Campbell,63
WY,Carbon,29
WY,Converse,31
WY,Crook,15
WY,Fremont,58
WY,Goshen,6
WY,Hot Springs,7
WY,Johnson,5
WY,Laramie,79
WY,Lincoln,26
WY,Natrona,66
WY,Niobrara,6
WY,Park,58
WY,Platte,17
WY,Sheridan,20
WY,Sublette,30
WY,Sweetwater,57
WY,Teton,15
WY,Uinta,20
WY,Washakie,15
WY,Weston,12
